strategy,tf,stop_mult,trades,gross_r,cost_r,exp_r,sharpe,max_dd
combo_breakout_confirmed,30,1.5,1039,0.0912305476613425,0.152922499611117,-0.06169195194977448,-0.08988133074339984,0.4732761036224181
combo_breakout_confirmed,30,2.5,776,0.08198215589062197,0.0970328669043069,-0.01505071101368496,-0.010401750981936101,0.23089552665403523
combo_breakout_confirmed,30,3.5,591,0.0869590442175562,0.07377180905767361,0.01318723515988258,0.02524389586379981,0.16328007928314503
combo_breakout_confirmed,30,5.0,409,0.09546405498988643,0.05527468532328348,0.04018936966660295,0.03960074575256532,0.14128942349437357
combo_breakout_confirmed,30,7.0,303,0.09107658459330648,0.04237897476180269,0.04869760983150378,0.07031711196784289,0.09773631789061943
combo_breakout_confirmed,30,9.0,211,0.08543765628861735,0.035322935642187456,0.05011472064642991,0.0577276303329325,0.0696361096496193
combo_breakout_confirmed,15,1.5,1308,0.0715000152622446,0.2549927204323922,-0.18349270517014762,-0.3383705590712858,0.8775715795864326
combo_breakout_confirmed,15,2.5,1541,0.06190488320582801,0.14265385009848414,-0.08074896689265612,-0.15276777198218813,0.6877390722111556
combo_breakout_confirmed,15,3.5,1207,0.034611332796833115,0.10814471288234669,-0.07353338008551358,-0.11815726712441335,0.5920308689171239
combo_breakout_confirmed,15,5.0,964,0.03978093333938778,0.07987662993196971,-0.04009569659258194,-0.0601077530940107,0.3838201194405684
combo_breakout_confirmed,15,7.0,742,0.03573950438833802,0.060715772890781144,-0.024976268502443125,-0.0330861655651592,0.2111786387435186
combo_breakout_confirmed,15,9.0,596,0.03686935719972895,0.050343522604037065,-0.013474165404308113,-0.016219568065277058,0.17822923550704328
combo_funding_reversion,30,1.5,435,0.07432562483683064,0.1254918806561624,-0.05116625581933179,-0.05094221902455985,0.24532007839610037
combo_funding_reversion,30,2.5,191,0.05128171580054583,0.08175807398951579,-0.030476358188969977,-0.00736533274762716,0.12838054787323305
combo_funding_reversion,30,3.5,100,0.013917713499320384,0.06396183894957873,-0.050044125450258325,-0.017559284108500762,0.08619546180334436
combo_funding_reversion,30,5.0,76,0.1046260330014933,0.0458885714474749,0.058737461554018364,0.031590653190472225,0.05212359658536825
combo_funding_reversion,30,7.0,49,0.0691957436533985,0.03428747457480174,0.03490826907859679,0.01852531221376441,0.027380159561387063
combo_funding_reversion,30,9.0,43,0.02895913835853412,0.02705722246679793,0.0019019158917361818,-0.004905821144217027,0.022892399728537294
combo_funding_reversion,15,1.5,744,0.1143170231592703,0.18234480447096002,-0.06802778131168973,-0.07517144783061355,0.3878693814595221
combo_funding_reversion,15,2.5,420,0.08057084403768508,0.11630280475200226,-0.035731960714317196,-0.0232556671813929,0.20450194937795052
combo_funding_reversion,15,3.5,254,0.04648256357972152,0.09199643166218145,-0.045513868082459934,-0.030335543264177107,0.1450547906490507
combo_funding_reversion,15,5.0,151,-0.002896651753197068,0.07032867508724987,-0.07322532684044694,-0.03632627711096207,0.11351131256447322
combo_funding_reversion,15,7.0,123,-0.001115549098636104,0.051691559394831346,-0.05280710849346742,-0.02862926752629038,0.081006994371559
combo_funding_reversion,15,9.0,105,0.019556076343900965,0.04079946317608574,-0.02124338683218478,-0.00810863638137201,0.055017222276685596
supertrend_flip,30,1.5,1292,0.11072869441345053,0.19964361029427005,-0.08891491588081958,-0.15698808703666922,0.6612789870541245
supertrend_flip,30,2.5,1139,0.07986802838673622,0.12485199480068046,-0.044983966413944226,-0.05999417992970115,0.47446499824866994
supertrend_flip,30,3.5,893,0.08060571040902405,0.09310356635629605,-0.012497855947271999,-0.015174565149717784,0.36922802998997317
supertrend_flip,30,5.0,620,0.08047284036375812,0.07052348804992882,0.009949352313829327,0.02535764998283963,0.1752476140875241
supertrend_flip,30,7.0,479,0.07467658068000163,0.054411318176261284,0.02026526250374035,0.026851306149088386,0.1783437965276149
supertrend_flip,30,9.0,377,0.051757539382521436,0.045442326176509444,0.006315213206011984,0.017477354134598624,0.14188179057253636
donchian_breakout,30,1.5,1385,0.08298519919005604,0.15305421887218476,-0.07006901968212877,-0.15368599638400457,0.6511530769744054
donchian_breakout,30,2.5,1102,0.04898425184573536,0.09288041841830785,-0.04389616657257247,-0.07078325124132308,0.4626526530514907
donchian_breakout,30,3.5,875,0.04951687355363329,0.06854111298831703,-0.019024239434683735,-0.02953312470956081,0.3549285882974287
donchian_breakout,30,5.0,582,0.06485357802450589,0.0509647229188096,0.013888855105696304,0.02662872295701384,0.11127108166801847
donchian_breakout,30,7.0,409,0.06661156095285904,0.03861556811738831,0.02799599283547073,0.04878284309544132,0.10000471336838346
donchian_breakout,30,9.0,271,0.054266777750311454,0.03153265402041701,0.022734123729894445,0.033051507814114034,0.07812103881650734
combo_trend_pullback,30,1.5,1247,0.03317912408701935,0.1945318877592067,-0.1613527636721874,-0.26437603673825066,0.8313061242470209
combo_trend_pullback,30,2.5,908,0.01248100263850648,0.12145776704137588,-0.1089767644028694,-0.1565874973265586,0.5896596313830618
combo_trend_pullback,30,3.5,762,0.039773034154725266,0.08704334311543672,-0.04727030896071143,-0.05259896824929696,0.316913417574494
combo_trend_pullback,30,5.0,563,0.01712383157406005,0.06541559574619712,-0.048291764172137076,-0.07080382447803885,0.2500634340987862
combo_trend_pullback,30,7.0,472,0.03277748917182796,0.0494598273787627,-0.01668233820693475,-0.024427923774700544,0.1319224932429096
combo_trend_pullback,30,9.0,386,0.052710566580127176,0.04013860570136782,0.012571960878759354,0.026814570792769714,0.07761056657279108
combo_vol_flow,15,1.5,433,0.2321266028947321,0.5457970693597352,-0.3136704664650032,-0.28371332901558194,0.7288185390574694
combo_vol_flow,15,2.5,371,0.17736331343089862,0.3298421329340014,-0.1524788195031027,-0.13579013020595163,0.48607365534345104
combo_vol_flow,15,3.5,328,0.15656065513184073,0.2312772350313166,-0.07471657989947583,-0.07206993695830474,0.3473442545748767
combo_vol_flow,15,5.0,297,0.10420822322568471,0.166754054345467,-0.06254583111978228,-0.0588450629670936,0.26092768785734743
combo_vol_flow,15,7.0,279,0.09160909643334857,0.12048283299067586,-0.028873736557327265,-0.026230122101919977,0.1784638996308494
combo_vol_flow,15,9.0,269,0.06401733492999684,0.09514109062185058,-0.03112375569185374,-0.043275083400830784,0.16370872018691707
