strategy,tf,stop_mult,tp_mult,exec,trades,stop_pct,gross_r,cost_r,exp_r,edge_r,sharpe,max_dd,win_rate,pf,net_return,exposure
combo_funding_reversion,15,1.0,1.0,taker (real),1328,0.005224449585216362,0.18137414627424434,0.29268143650604733,-0.111307290231803,-0.111307290231803,-0.15112118236412772,0.7497198898683943,0.5286144578313253,0.7684484677120242,-0.7449533493473023,0.01836196864946266
combo_funding_reversion,15,1.0,1.0,vip_taker,1348,0.005217781766550009,0.10563177308342513,0.2096150474952073,-0.10398327441178212,-0.10398327441178216,-0.14176452229713954,0.7309642680954784,0.521513353115727,0.7788089632703871,-0.7239471032437321,0.018725614347320146
combo_funding_reversion,15,1.0,1.0,maker*,1496,0.005326719789597981,0.030036118815041583,0.08203427813756714,-0.05199815932252556,-0.05199815932252556,-0.06409438827787028,0.5466451494939327,0.5147058823529411,0.8839044462849012,-0.48993598365662916,0.020907488534465057
combo_funding_reversion,15,1.0,1.0,half_fill*,1496,0.005326719789597981,0.030036118815041583,0.08203427813756714,-0.05199815932252556,-0.05199815932252556,-0.06409438827787028,0.5466451494939327,0.5147058823529411,0.8839044462849012,-0.48993598365662916,0.020907488534465057
combo_funding_reversion,15,1.5,1.5,taker (real),905,0.007886628735903208,0.1408228997343953,0.19474405768611008,-0.05392115795171479,-0.05392115795171479,-0.04909834257085328,0.4004465963151992,0.5281767955801105,0.8834780524931004,-0.35877076069247626,0.024706516530905605
combo_funding_reversion,15,1.5,1.5,vip_taker,903,0.007827840677938794,0.08559564030601753,0.13984717921030873,-0.054251538904291186,-0.0542515389042912,-0.05049858856381602,0.4038738748775921,0.521594684385382,0.8824068932081107,-0.3660612801095593,0.024642343760695462
combo_funding_reversion,15,1.5,1.5,maker*,929,0.007890926115353468,0.039104657899039344,0.05562470852481576,-0.01652005062577642,-0.016520050625776418,-0.013295984861253978,0.28280780366364056,0.5188374596340151,0.9547962843616387,-0.16162201804319754,0.025382469710452462
combo_funding_reversion,15,1.5,1.5,half_fill*,929,0.007890926115353468,0.039104657899039344,0.05562470852481576,-0.01652005062577642,-0.016520050625776418,-0.013295984861253978,0.28280780366364056,0.5188374596340151,0.9547962843616387,-0.16162201804319754,0.025382469710452462
combo_funding_reversion,15,1.8,2.2,taker (real),680,0.009375346461257147,0.17154850814791636,0.16290868261561384,0.008639825532302513,0.008639825532302525,0.01006952355378049,0.19133833859072225,0.5823529411764706,1.0024846919378054,0.006564119762073828,0.02870661920733794
combo_funding_reversion,15,1.8,2.2,vip_taker,674,0.009318253380474588,0.12094884295609391,0.11690054064432882,0.004048302311765112,0.00404830231176509,0.0031489205820117404,0.23060851063727184,0.5771513353115727,0.9832320070996563,-0.0431272007836534,0.02794510233417756
combo_funding_reversion,15,1.8,2.2,maker*,683,0.009383745870838787,0.06458528641717892,0.0463328514077726,0.01825243500940632,0.01825243500940632,0.0162856367934476,0.18573252142189833,0.5695461200585652,1.018878886909696,0.05314793889311886,0.028475597234581422
combo_funding_reversion,15,1.8,2.2,half_fill*,683,0.009383745870838787,0.06458528641717892,0.0463328514077726,0.01825243500940632,0.01825243500940632,0.0162856367934476,0.18573252142189833,0.5695461200585652,1.018878886909696,0.05314793889311886,0.028475597234581422
combo_funding_reversion,15,2.5,3.0,taker (real),480,0.012600481174474227,0.10384775268200341,0.12330998019617405,-0.01946222751417063,-0.019462227514170635,-0.0072559303573088525,0.20676358804748207,0.5395833333333333,0.9514092742250654,-0.09030027157293641,0.02859538640564036
combo_funding_reversion,15,2.5,3.0,vip_taker,477,0.012579608510463445,0.067653931448165,0.08809053173285346,-0.02043660028468845,-0.020436600284688453,-0.008555872674457635,0.19977808456343638,0.5345911949685535,0.947579497582682,-0.09694502616073353,0.028659559175850502
combo_funding_reversion,15,2.5,3.0,maker*,481,0.012618694504321125,0.0463583119652358,0.035084576745417706,0.011273735219818089,0.011273735219818094,0.008894433260071563,0.16556000533365134,0.5467775467775468,1.0038462752264035,0.007083484390396633,0.029177219522212333
combo_funding_reversion,15,2.5,3.0,half_fill*,481,0.012618694504321125,0.0463583119652358,0.035084576745417706,0.011273735219818089,0.011273735219818094,0.008894433260071563,0.16556000533365134,0.5467775467775468,1.0038462752264035,0.007083484390396633,0.029177219522212333
combo_funding_reversion,15,3.5,4.0,taker (real),290,0.015450625622452576,0.09211251687672233,0.09681127111631715,-0.004698754239594817,-0.0046987542395948295,-0.0046495310407002445,0.17212392193102188,0.5137931034482759,0.9530583135758528,-0.04768274813507323,0.022884009856937504
combo_funding_reversion,15,3.5,4.0,vip_taker,313,0.015622034297066757,0.08278793732157066,0.06856866144305948,0.01421927587851117,0.014219275878511184,0.006564529742515234,0.1174301819517315,0.5271565495207667,1.002525548093706,0.0027485961105480072,0.02493326031898145
combo_funding_reversion,15,3.5,4.0,maker*,314,0.015636530347147574,0.04339287857943235,0.02740744191209104,0.015985436667341285,0.015985436667341313,0.005546523347229326,0.12586226404485845,0.5159235668789809,0.9979557743869782,-0.002245492104436364,0.02500171127387227
combo_funding_reversion,15,3.5,4.0,half_fill*,314,0.015636530347147574,0.04339287857943235,0.02740744191209104,0.015985436667341285,0.015985436667341313,0.005546523347229326,0.12586226404485845,0.5159235668789809,0.9979557743869782,-0.002245492104436364,0.02500171127387227
combo_funding_reversion,15,5.0,6.0,taker (real),167,0.01978657618485565,0.05834740919853864,0.07459086490977028,-0.01624345571123162,-0.01624345571123164,-0.0007884405911190441,0.1087345648864575,0.48502994011976047,0.9707649458990574,-0.013167427102974472,0.01620148538572113
combo_funding_reversion,15,5.0,6.0,vip_taker,167,0.019784597329351613,0.03982814872248997,0.053267184352634965,-0.013439035630144985,-0.013439035630144994,0.0004707945178596495,0.10716631363108708,0.48502994011976047,0.9788082924841942,-0.009574143354712406,0.016205763570401807
combo_funding_reversion,15,5.0,6.0,maker*,170,0.019686707303977015,0.025450839635881985,0.021246503511864707,0.004204336124017262,0.004204336124017279,0.009883364858144783,0.10046773931111552,0.49411764705882355,1.0415934949052645,0.01858371876206011,0.016663529331234172
combo_funding_reversion,15,5.0,6.0,half_fill*,170,0.019686707303977015,0.025450839635881985,0.021246503511864707,0.004204336124017262,0.004204336124017279,0.009883364858144783,0.10046773931111552,0.49411764705882355,1.0415934949052645,0.01858371876206011,0.016663529331234172
combo_funding_reversion,15,7.0,8.0,taker (real),130,0.0285630154803763,0.031006290250910437,0.05410560870191404,-0.023099318451003582,-0.023099318451003603,-0.007154546635392459,0.08106738175902095,0.47692307692307695,0.9258737012944143,-0.021034285819795717,0.014280580464097473
combo_funding_reversion,15,7.0,8.0,vip_taker,130,0.028563079300311926,0.016223740539565684,0.03865624949067927,-0.02243250895111358,-0.022432508951113588,-0.006720462737434215,0.0804111098332344,0.47692307692307695,0.9292309111837947,-0.020018828573039937,0.01428485864877815
combo_funding_reversion,15,7.0,8.0,maker*,130,0.028563143691506584,0.002415927537104601,0.01546054668873742,-0.01304461915163282,-0.01304461915163282,-0.0017870294309247112,0.07294985689600142,0.47692307692307695,0.9658529699438487,-0.009481245514347703,0.01433191868026559
combo_funding_reversion,15,7.0,8.0,half_fill*,130,0.028563143691506584,0.002415927537104601,0.01546054668873742,-0.01304461915163282,-0.01304461915163282,-0.0017870294309247112,0.07294985689600142,0.47692307692307695,0.9658529699438487,-0.009481245514347703,0.01433191868026559
combo_funding_reversion,30,1.0,1.0,taker (real),925,0.007520077848600401,0.15395880067214557,0.19794581681671028,-0.04398701614456473,-0.04398701614456471,-0.03990010594777667,0.3802697693068694,0.5351351351351351,0.9123437343714489,-0.285076875260283,0.025317647058823528
combo_funding_reversion,30,1.0,1.0,vip_taker,922,0.007558086516291465,0.09183650471692863,0.14173255362766596,-0.04989604891073731,-0.04989604891073733,-0.04590926819738785,0.38321964876214654,0.5249457700650759,0.90397028458223,-0.31344865656273024,0.025129411764705883
combo_funding_reversion,30,1.0,1.0,maker*,929,0.007689020596182046,0.03552206673842858,0.05600150745993603,-0.020479440721507442,-0.020479440721507453,-0.021450335518398977,0.3007772969020691,0.5177610333692142,0.9485358738064537,-0.18615395309293292,0.025634224598930482
combo_funding_reversion,30,1.0,1.0,half_fill*,929,0.007689020596182046,0.03552206673842858,0.05600150745993603,-0.020479440721507442,-0.020479440721507453,-0.021450335518398977,0.3007772969020691,0.5177610333692142,0.9485358738064537,-0.18615395309293292,0.025634224598930482
combo_funding_reversion,30,1.5,1.5,taker (real),529,0.010941990589354373,0.10675085844052007,0.1356722126497976,-0.02892135420927752,-0.028921354209277522,-0.026517632429872297,0.24890575388981107,0.5236294896030246,0.9154453004524612,-0.1751397511431817,0.028081283422459892
combo_funding_reversion,30,1.5,1.5,vip_taker,526,0.010935293645824998,0.059766471679578576,0.09695311116980909,-0.03718663949023051,-0.037186639490230516,-0.03495689601136966,0.26373804631243947,0.5152091254752852,0.8954225086577695,-0.2160517195982582,0.0276620320855615
combo_funding_reversion,30,1.5,1.5,maker*,527,0.010943711972747485,0.017720081149479514,0.038580202648120406,-0.020860121498640877,-0.02086012149864089,-0.019374318889213007,0.23368684109968652,0.50853889943074,0.9320168856588169,-0.14008198531105298,0.027636363636363636
combo_funding_reversion,30,1.5,1.5,half_fill*,527,0.010943711972747485,0.017720081149479514,0.038580202648120406,-0.020860121498640877,-0.02086012149864089,-0.019374318889213007,0.23368684109968652,0.50853889943074,0.9320168856588169,-0.14008198531105298,0.027636363636363636
combo_funding_reversion,30,1.8,2.2,taker (real),363,0.012740264451553572,0.06205564422557132,0.11603736303140351,-0.05398171880583217,-0.05398171880583219,-0.027164511147174122,0.2642754765855019,0.5399449035812672,0.8939470481969731,-0.17131189143392234,0.0304
combo_funding_reversion,30,1.8,2.2,vip_taker,361,0.012784066386530122,0.02852316759826681,0.08270618807567612,-0.0541830204774093,-0.054183020477409305,-0.02614120184878646,0.2590722491060645,0.5373961218836565,0.8967699624621166,-0.1663915236005512,0.030357219251336897
combo_funding_reversion,30,1.8,2.2,maker*,361,0.012804948910301834,-0.010458407470923138,0.03305626139827367,-0.043514668869196804,-0.043514668869196804,-0.02319741785965487,0.2437043458607946,0.5346260387811634,0.9062463335116601,-0.15325370194750743,0.030203208556149733
combo_funding_reversion,30,1.8,2.2,half_fill*,361,0.012804948910301834,-0.010458407470923138,0.03305626139827367,-0.043514668869196804,-0.043514668869196804,-0.02319741785965487,0.2437043458607946,0.5346260387811634,0.9062463335116601,-0.15325370194750743,0.030203208556149733
combo_funding_reversion,30,2.5,3.0,taker (real),219,0.016293431160608912,0.11469107405535998,0.08896550280267074,0.025725571252689223,0.025725571252689247,0.012222504082367669,0.11080077347462691,0.54337899543379,1.0339190889739882,0.02983033314564043,0.0272427807486631
combo_funding_reversion,30,2.5,3.0,vip_taker,215,0.016160106674702523,0.08343502351373375,0.06372420156043593,0.019710821953297795,0.01971082195329782,0.009895476481824185,0.12914633487423788,0.5395348837209303,1.0229075117659125,0.019658306914492885,0.027011764705882353
combo_funding_reversion,30,2.5,3.0,maker*,220,0.0163277917427201,0.07618104451247266,0.025439215714298552,0.050741828798174106,0.05074182879817411,0.02320498719568796,0.10927153561939884,0.55,1.0921669937410596,0.0801940473098599,0.028098395721925132
combo_funding_reversion,30,2.5,3.0,half_fill*,220,0.0163277917427201,0.07618104451247266,0.025439215714298552,0.050741828798174106,0.05074182879817411,0.02320498719568796,0.10927153561939884,0.55,1.0921669937410596,0.0801940473098599,0.028098395721925132
combo_funding_reversion,30,3.5,4.0,taker (real),114,0.02212878518830784,0.0929965029472184,0.06860686764341523,0.024389635303803153,0.02438963530380317,0.010387545106375306,0.08880718102609275,0.5175438596491229,1.0533397533377806,0.019084677668173677,0.01922566844919786
combo_funding_reversion,30,3.5,4.0,vip_taker,115,0.02211434733591523,0.08560390288012755,0.049028608395281156,0.03657529448484642,0.03657529448484639,0.015287654710142715,0.08758323409844371,0.5217391304347826,1.0916817361213091,0.032647865568010026,0.019285561497326204
combo_funding_reversion,30,3.5,4.0,maker*,115,0.022136582961358724,0.05788830495690052,0.019508813526304496,0.038379491430596026,0.03837949143059602,0.016118173135609936,0.09218199662701898,0.5304347826086957,1.0965245205633087,0.034877123183598924,0.01890909090909091
combo_funding_reversion,30,3.5,4.0,half_fill*,115,0.022136582961358724,0.05788830495690052,0.019508813526304496,0.038379491430596026,0.03837949143059602,0.016118173135609936,0.09218199662701898,0.5304347826086957,1.0965245205633087,0.034877123183598924,0.01890909090909091
combo_funding_reversion,30,5.0,6.0,taker (real),80,0.031964224293382734,0.11908237440573573,0.0478444569438737,0.071237917461862,0.07123791746186203,0.02777359560748893,0.05877610216146978,0.525,1.2571555363138962,0.05031659207554107,0.01568342245989305
combo_funding_reversion,30,5.0,6.0,vip_taker,80,0.03196102755127919,0.10165520367378862,0.03417197219732652,0.0674832314764621,0.0674832314764621,0.02629520847507426,0.0585349922339099,0.525,1.2420725560281554,0.047268635617635946,0.01571764705882353
combo_funding_reversion,30,5.0,6.0,maker*,80,0.03195783144852406,0.09267752642724106,0.013667523096516237,0.07901000333072482,0.07901000333072482,0.029834812535768578,0.057817663599899816,0.525,1.2852763856705125,0.05463006221611533,0.01572620320855615
combo_funding_reversion,30,5.0,6.0,half_fill*,80,0.03195783144852406,0.09267752642724106,0.013667523096516237,0.07901000333072482,0.07901000333072482,0.029834812535768578,0.057817663599899816,0.525,1.2852763856705125,0.05463006221611533,0.01572620320855615
combo_funding_reversion,30,7.0,8.0,taker (real),50,0.044138891615736676,0.07408187065300828,0.03490251116787563,0.039179359485132695,0.03917935948513265,0.016206470543430364,0.03343549755483488,0.58,1.2016660199961648,0.01735778248321984,0.011696256684491979
combo_funding_reversion,30,7.0,8.0,vip_taker,50,0.044138881751666637,0.06594694029741306,0.02491772313315733,0.04102921716425574,0.04102921716425573,0.016683377301658916,0.03312467893508564,0.58,1.2100116988601157,0.018004072249325098,0.0117048128342246
combo_funding_reversion,30,7.0,8.0,maker*,50,0.044138872770374614,0.057165857040011876,0.009966110476875411,0.047199746563136476,0.04719974656313647,0.018779583579929433,0.03228680571353737,0.58,1.2414648641623158,0.020471162346310745,0.0117048128342246
combo_funding_reversion,30,7.0,8.0,half_fill*,50,0.044138872770374614,0.057165857040011876,0.009966110476875411,0.047199746563136476,0.04719974656313647,0.018779583579929433,0.03228680571353737,0.58,1.2414648641623158,0.020471162346310745,0.0117048128342246
combo_breakout_confirmed,30,1.0,1.0,taker (real),1187,0.006650692380263743,0.1039709928060633,0.24341144790421312,-0.13944045509814984,-0.13944045509814984,-0.20681509922243294,0.7738839265820012,0.5197978096040438,0.7485397716370031,-0.7562401450041163,0.02554866310160428
combo_breakout_confirmed,30,1.0,1.0,vip_taker,1361,0.006510007460291458,0.06626725988002428,0.17665943381602472,-0.11039217393600044,-0.11039217393600044,-0.17544397654503566,0.7455029351597884,0.5165319617927994,0.7937173337884627,-0.7245789100816469,0.029980748663101603
combo_breakout_confirmed,30,1.0,1.0,maker*,2058,0.006109264479585467,0.04178814382896006,0.07158177134474877,-0.029793627515788696,-0.029793627515788713,-0.052859853633312234,0.5004473246701163,0.5208940719144801,0.937152311680068,-0.4209137219439143,0.04628877005347594
combo_breakout_confirmed,30,1.0,1.0,half_fill*,2058,0.006109264479585467,0.04178814382896006,0.07158177134474877,-0.029793627515788696,-0.029793627515788713,-0.052859853633312234,0.5004473246701163,0.5208940719144801,0.937152311680068,-0.4209137219439143,0.04628877005347594
combo_breakout_confirmed,30,1.5,1.5,taker (real),1323,0.009245739680847955,0.09981461494513527,0.17072370664393502,-0.07090909169879978,-0.07090909169879975,-0.09288291216882502,0.586273579722743,0.526832955404384,0.8723201150668821,-0.5420622634922895,0.06723422459893048
combo_breakout_confirmed,30,1.5,1.5,vip_taker,1637,0.00899662155127968,0.08603208613848128,0.12221790798540476,-0.03618582184692349,-0.03618582184692348,-0.044882439156043084,0.4657387523130332,0.531459987782529,0.9345296664912558,-0.37726822099345103,0.08497967914438502
combo_breakout_confirmed,30,1.5,1.5,maker*,1923,0.009281269882252072,0.05251184539743591,0.04720113951422391,0.00531070588321201,0.005310705883212002,0.02115294919443738,0.31250335869994283,0.5267810712428497,1.0099873088470102,0.09274451102119086,0.10112513368983957
combo_breakout_confirmed,30,1.5,1.5,half_fill*,1923,0.009281269882252072,0.05251184539743591,0.04720113951422391,0.00531070588321201,0.005310705883212002,0.02115294919443738,0.31250335869994283,0.5267810712428497,1.0099873088470102,0.09274451102119086,0.10112513368983957
combo_breakout_confirmed,30,1.8,2.2,taker (real),1394,0.010884018516307915,0.10919289035596506,0.14304618386786305,-0.033853293511897996,-0.03385329351189799,-0.027981858058375345,0.48645260837199344,0.5308464849354376,0.9524617836859292,-0.3009448098413544,0.12563850267379678
combo_breakout_confirmed,30,1.8,2.2,vip_taker,1486,0.010871501554443795,0.08419617672307089,0.10141721722694629,-0.017221040503875386,-0.017221040503875393,-0.00996916479784747,0.39150124903948114,0.5289367429340511,0.9744298694771856,-0.1851177218839264,0.13358716577540106
combo_breakout_confirmed,30,1.8,2.2,maker*,1684,0.011168834451358363,0.05389456469364579,0.03940309196860271,0.014491472725043088,0.01449147272504308,0.040091349439530355,0.36470930820859637,0.5249406175771971,1.0300661464134306,0.3210914488092089,0.1575187165775401
combo_breakout_confirmed,30,1.8,2.2,half_fill*,1684,0.011168834451358363,0.05389456469364579,0.03940309196860271,0.014491472725043088,0.01449147272504308,0.040091349439530355,0.36470930820859637,0.5249406175771971,1.0300661464134306,0.3210914488092089,0.1575187165775401
combo_breakout_confirmed,30,2.5,3.0,taker (real),999,0.014493329412870385,0.09752378701065148,0.1087299157248085,-0.01120612871415702,-0.011206128714157021,-0.0069971905755440884,0.28891713341699854,0.5305305305305306,0.9716683294310549,-0.1207313840005918,0.14661818181818181
combo_breakout_confirmed,30,2.5,3.0,vip_taker,1090,0.014420398618061627,0.08048642387252768,0.07761205082069512,0.0028743730518325824,0.0028743730518325517,0.013465821981305815,0.28614863908127597,0.5293577981651376,1.0059745317895157,0.028416663042986068,0.15988877005347593
combo_breakout_confirmed,30,2.5,3.0,maker*,1238,0.014673503325906192,0.05974304052206146,0.03026997167232135,0.02947306884974012,0.02947306884974011,0.040405636690942624,0.2139713082360597,0.5250403877221325,1.0465413518896358,0.2840209753440801,0.18520641711229946
combo_breakout_confirmed,30,2.5,3.0,half_fill*,1238,0.014673503325906192,0.05974304052206146,0.03026997167232135,0.02947306884974012,0.02947306884974011,0.040405636690942624,0.2139713082360597,0.5250403877221325,1.0465413518896358,0.2840209753440801,0.18520641711229946
combo_breakout_confirmed,30,3.5,4.0,taker (real),801,0.01937745767786168,0.1175464828545297,0.0801814364029692,0.0373650464515605,0.03736504645156051,0.05210871055017366,0.1791949857523324,0.5455680399500624,1.093897396171692,0.32621778325686934,0.17196149732620322
combo_breakout_confirmed,30,3.5,4.0,vip_taker,843,0.01925606541386834,0.10530995782805859,0.05747826288326567,0.04783169494479293,0.04783169494479292,0.05950419151032871,0.14635536504250668,0.5480427046263345,1.1071768840864236,0.40573950797428515,0.181227807486631
combo_breakout_confirmed,30,3.5,4.0,maker*,972,0.01923676403302038,0.10011337987144933,0.022856288677433233,0.07725709119401611,0.0772570911940161,0.0952843269160777,0.14631122084184922,0.5473251028806584,1.1812881263244697,0.8343830227779359,0.21157647058823528
combo_breakout_confirmed,30,3.5,4.0,half_fill*,972,0.01923676403302038,0.10011337987144933,0.022856288677433233,0.07725709119401611,0.0772570911940161,0.0952843269160777,0.14631122084184922,0.5473251028806584,1.1812881263244697,0.8343830227779359,0.21157647058823528
combo_breakout_confirmed,30,5.0,6.0,taker (real),442,0.027285576614894246,0.11895587944917252,0.05800955049616355,0.06094632895300899,0.06094632895300897,0.05320802544264563,0.155983278384355,0.5316742081447964,1.1522829593656798,0.21975342677923093,0.12435508021390375
combo_breakout_confirmed,30,5.0,6.0,vip_taker,450,0.027220554697138903,0.10638251400669364,0.04153291845064119,0.06484959555605245,0.06484959555605245,0.0563124158082706,0.14929177293371587,0.5311111111111111,1.1616331443706522,0.24132899989480006,0.12565561497326203
combo_breakout_confirmed,30,5.0,6.0,maker*,468,0.027101871065582393,0.0975319425380057,0.016666465324097445,0.08086547721390827,0.08086547721390826,0.07269131038384088,0.14075370850206081,0.5341880341880342,1.2150467223732204,0.3399074082194895,0.13155935828877005
combo_breakout_confirmed,30,5.0,6.0,half_fill*,468,0.027101871065582393,0.0975319425380057,0.016666465324097445,0.08086547721390827,0.08086547721390826,0.07269131038384088,0.14075370850206081,0.5341880341880342,1.2150467223732204,0.3399074082194895,0.13155935828877005
combo_breakout_confirmed,30,7.0,8.0,taker (real),309,0.03592190246239592,0.09675172747422316,0.04318673536599447,0.0535649921082287,0.05356499210822869,0.05606121340555434,0.09096354169005172,0.5339805825242718,1.2177995081120394,0.16339946812324535,0.10154438502673797
combo_breakout_confirmed,30,7.0,8.0,vip_taker,311,0.03596970151247316,0.08926840928680317,0.030785034765751052,0.05848337452105214,0.05848337452105212,0.0600184951665883,0.08858275955621808,0.5337620578778135,1.2367889811546797,0.17688310289719333,0.10220320855614973
combo_breakout_confirmed,30,7.0,8.0,maker*,315,0.0359290868428884,0.08764320125333065,0.012358860692279337,0.0752843405610513,0.07528434056105132,0.07247939670420953,0.08298893855701428,0.5365079365079365,1.3021291263984902,0.223496135611555,0.10356363636363636
combo_breakout_confirmed,30,7.0,8.0,half_fill*,315,0.0359290868428884,0.08764320125333065,0.012358860692279337,0.0752843405610513,0.07528434056105132,0.07247939670420953,0.08298893855701428,0.5365079365079365,1.3021291263984902,0.223496135611555,0.10356363636363636
combo_breakout_confirmed,15,1.0,1.0,taker (real),1311,0.0044905501199961765,0.12148862602127702,0.37405006797115864,-0.25256144194988156,-0.2525614419498816,-0.3871423356392625,0.9433096941105575,0.5087719298245614,0.6105242014122645,-0.943031569845546,0.011794955164624546
combo_breakout_confirmed,15,1.0,1.0,vip_taker,1565,0.004685851121099073,0.04920791917046514,0.2535548822463432,-0.20434696307587802,-0.20434696307587807,-0.3444009169421817,0.9386286558457413,0.4996805111821086,0.68656494712862,-0.9379608385891952,0.014729789855568486
combo_breakout_confirmed,15,1.0,1.0,maker*,2808,0.004814517098393456,0.029202279202279444,0.10178327705082411,-0.07258099784854467,-0.07258099784854467,-0.1705385024398764,0.8492354491439141,0.5142450142450142,0.8707854946507197,-0.8483011951382523,0.028116229721404613
combo_breakout_confirmed,15,1.0,1.0,half_fill*,2808,0.004814517098393456,0.029202279202279444,0.10178327705082411,-0.07258099784854467,-0.07258099784854467,-0.1705385024398764,0.8492354491439141,0.5142450142450142,0.8707854946507197,-0.8483011951382523,0.028116229721404613
combo_breakout_confirmed,15,1.5,1.5,taker (real),1323,0.006487754364094079,0.07903901491421471,0.2644656285837324,-0.1854266136695177,-0.18542661366951768,-0.26589369461197226,0.8819670016957535,0.5003779289493575,0.682731688400515,-0.8815809528480076,0.02877934834690944
combo_breakout_confirmed,15,1.5,1.5,vip_taker,1568,0.00671699450003874,0.041228240884939066,0.18319012928302233,-0.14196188839808327,-0.14196188839808327,-0.22134420136887062,0.8603410445907878,0.5019132653061225,0.7425748607862516,-0.8597882051739714,0.035145287151755765
combo_breakout_confirmed,15,1.5,1.5,maker*,2723,0.006840900605380699,0.0229811835327688,0.07138653487656331,-0.04840535134379451,-0.048405351343794506,-0.09400056537015242,0.7127446231827488,0.51120088138083,0.9012535523470164,-0.6953832976731245,0.06401875556164008
combo_breakout_confirmed,15,1.5,1.5,half_fill*,2723,0.006840900605380699,0.0229811835327688,0.07138653487656331,-0.04840535134379451,-0.048405351343794506,-0.09400056537015242,0.7127446231827488,0.51120088138083,0.9012535523470164,-0.6953832976731245,0.06401875556164008
combo_breakout_confirmed,15,1.8,2.2,taker (real),1511,0.008026166571939287,0.0854673638036925,0.2151774627326358,-0.12971009892894325,-0.1297100989289433,-0.16484395219398906,0.8234376304979258,0.5076108537392455,0.7936158031001755,-0.8195577638475047,0.06043791498391403
combo_breakout_confirmed,15,1.8,2.2,vip_taker,1945,0.008221148783918877,0.06977314598151856,0.15209656235241625,-0.0823234163708977,-0.0823234163708977,-0.1136066453169042,0.7551045073874842,0.5141388174807198,0.8594675238813524,-0.7439178843803411,0.07966835512355397
combo_breakout_confirmed,15,1.8,2.2,maker*,2872,0.007910677260465125,0.028658438067361874,0.060349604409662166,-0.0316911663423003,-0.03169116634230029,-0.04944800310030513,0.6065796029125333,0.5100974930362117,0.943747854922083,-0.5779755908507191,0.11851855020877541
combo_breakout_confirmed,15,1.8,2.2,half_fill*,2872,0.007910677260465125,0.028658438067361874,0.060349604409662166,-0.0316911663423003,-0.03169116634230029,-0.04944800310030513,0.6065796029125333,0.5100974930362117,0.943747854922083,-0.5779755908507191,0.11851855020877541
combo_breakout_confirmed,15,2.5,3.0,taker (real),1461,0.011329176703837608,0.05821441329267357,0.1540405703162853,-0.09582615702361175,-0.09582615702361172,-0.12314461221801602,0.7306344551821098,0.49623545516769335,0.8398369510729793,-0.7157927507082225,0.10462728455061948
combo_breakout_confirmed,15,2.5,3.0,vip_taker,1834,0.011153355955496193,0.0499366193480601,0.11284570822999397,-0.06290908888193388,-0.06290908888193386,-0.07473465614638726,0.6300805314593025,0.5043620501635769,0.8991635430452238,-0.5960820709246006,0.13188787733588883
combo_breakout_confirmed,15,2.5,3.0,maker*,2453,0.010745012754981421,0.023420817234447,0.04452684716425487,-0.021106029929807864,-0.021106029929807868,-0.025170259059643346,0.5200345994360517,0.503057480635956,0.9596607952750625,-0.3809542551075623,0.17758316791019235
combo_breakout_confirmed,15,2.5,3.0,half_fill*,2453,0.010745012754981421,0.023420817234447,0.04452684716425487,-0.021106029929807864,-0.021106029929807868,-0.025170259059643346,0.5200345994360517,0.503057480635956,0.9596607952750625,-0.3809542551075623,0.17758316791019235
combo_breakout_confirmed,15,3.5,4.0,taker (real),1470,0.01529400219215505,0.06327133490875014,0.11517636418610087,-0.051905029277350724,-0.05190502927735073,-0.06158872470468769,0.5664271499882005,0.5,0.9039809987142525,-0.46478046384845295,0.15984153603942775
combo_breakout_confirmed,15,3.5,4.0,vip_taker,1586,0.01495713238284005,0.048703462367177486,0.0833219914304993,-0.03461852906332179,-0.034618529063321815,-0.04332427556985623,0.5073494996349364,0.5044136191677175,0.9272019024165113,-0.38855303624424686,0.1702845848449586
combo_breakout_confirmed,15,3.5,4.0,maker*,2035,0.014551159824698704,0.02904798408712146,0.032847714772707884,-0.0037997306855864182,-0.0037997306855864256,0.004942015179359209,0.41002635668525644,0.5076167076167076,0.9903879441151038,-0.07428160000494233,0.22237576151687316
combo_breakout_confirmed,15,3.5,4.0,half_fill*,2035,0.014551159824698704,0.02904798408712146,0.032847714772707884,-0.0037997306855864182,-0.0037997306855864256,0.004942015179359209,0.41002635668525644,0.5076167076167076,0.9903879441151038,-0.07428160000494233,0.22237576151687316
combo_breakout_confirmed,15,5.0,6.0,taker (real),969,0.019397056033680218,0.0477810786750777,0.08935814771073386,-0.04157706903565615,-0.04157706903565616,-0.045044186556721,0.3794005901011056,0.48297213622291024,0.8934526047028001,-0.27904987632043854,0.1418218221644192
combo_breakout_confirmed,15,5.0,6.0,vip_taker,1027,0.019343363496479082,0.03296142636242134,0.06391494172404709,-0.030953515361625744,-0.03095351536162575,-0.03639773963377466,0.35287443194863843,0.4790652385589094,0.9137342826312753,-0.2480443532546036,0.1508616263946882
combo_breakout_confirmed,15,5.0,6.0,maker*,1190,0.0191666952705327,0.01544354862341689,0.02564182580626543,-0.010198277182848527,-0.010198277182848539,0.0013738959343265157,0.3021598168349029,0.49159663865546216,0.9859519879298584,-0.049965948660208426,0.17378841809843248
combo_breakout_confirmed,15,5.0,6.0,half_fill*,1190,0.0191666952705327,0.01544354862341689,0.02564182580626543,-0.010198277182848527,-0.010198277182848539,0.0013738959343265157,0.3021598168349029,0.49159663865546216,0.9859519879298584,-0.049965948660208426,0.17378841809843248
combo_breakout_confirmed,15,7.0,8.0,taker (real),789,0.025624533636124148,0.05210435523490929,0.06697468397857367,-0.014870328743664393,-0.014870328743664382,-0.010469566398040458,0.2084613947375542,0.49049429657794674,0.9598451843232806,-0.07368649936436744,0.13419381887877335
combo_breakout_confirmed,15,7.0,8.0,vip_taker,811,0.025466700725885416,0.04538266325443329,0.04825567137891605,-0.0028730081244827746,-0.0028730081244827607,0.006632818079047628,0.18044465735564508,0.4919852034525277,1.0016038678639914,0.0030530320642323527,0.1371799917858854
combo_breakout_confirmed,15,7.0,8.0,maker*,842,0.025474308975673585,0.027298913340986865,0.019243002008274248,0.00805591133271262,0.008055911332712617,0.014982302603546377,0.16035318138832455,0.49643705463182897,1.0220549887181025,0.0442915667418895,0.1429384283660757
combo_breakout_confirmed,15,7.0,8.0,half_fill*,842,0.025474308975673585,0.027298913340986865,0.019243002008274248,0.00805591133271262,0.008055911332712617,0.014982302603546377,0.16035318138832455,0.49643705463182897,1.0220549887181025,0.0442915667418895,0.1429384283660757
supertrend_flip,30,1.0,1.0,taker (real),1243,0.005688441634746301,0.10646521821639669,0.32222336640909216,-0.2157581481926954,-0.21575814819269545,-0.29577505281374417,0.8909108838511999,0.504424778761062,0.7017978628850335,-0.8902634900502984,0.03034866310160428
supertrend_flip,30,1.0,1.0,vip_taker,1355,0.005742329706903214,0.05332482922065938,0.2280409289856078,-0.17471609976494842,-0.17471609976494842,-0.2599819145028564,0.8732700204190689,0.5018450184501845,0.7537359320805755,-0.8700686674132225,0.034096256684491975
supertrend_flip,30,1.0,1.0,maker*,1703,0.005265287756443803,-0.005284791544333353,0.09575619485913818,-0.10104098640347153,-0.10104098640347153,-0.16066532034773562,0.7864291399278929,0.49735760422783326,0.8538846564327942,-0.7677582440700415,0.042198930481283425
supertrend_flip,30,1.0,1.0,half_fill*,1703,0.005265287756443803,-0.005284791544333353,0.09575619485913818,-0.10104098640347153,-0.10104098640347153,-0.16066532034773562,0.7864291399278929,0.49735760422783326,0.8538846564327942,-0.7677582440700415,0.042198930481283425
supertrend_flip,30,1.5,1.5,taker (real),1428,0.008156434984398832,0.12060165397181212,0.2243924740933193,-0.10379082012150716,-0.10379082012150719,-0.14766272079594858,0.7402612460342034,0.5266106442577031,0.8358145360572661,-0.7353127005840427,0.07764705882352942
supertrend_flip,30,1.5,1.5,vip_taker,1565,0.007993860835806856,0.0771108395195375,0.1609786440462822,-0.08386780452674471,-0.08386780452674471,-0.12358398440492228,0.7025184866922496,0.5220447284345048,0.8690588169018152,-0.6936228349946523,0.08414973262032086
supertrend_flip,30,1.5,1.5,maker*,1960,0.007516931765813238,0.02239321475369995,0.06431184913948407,-0.04191863438578411,-0.041918634385784116,-0.06480838583237294,0.6068778017235928,0.5112244897959184,0.9312653052294517,-0.5285226526084517,0.10455614973262033
supertrend_flip,30,1.5,1.5,half_fill*,1960,0.007516931765813238,0.02239321475369995,0.06431184913948407,-0.04191863438578411,-0.041918634385784116,-0.06480838583237294,0.6068778017235928,0.5112244897959184,0.9312653052294517,-0.5285226526084517,0.10455614973262033
supertrend_flip,30,1.8,2.2,taker (real),1428,0.00991609185412336,0.09741393131467033,0.18516734707939184,-0.08775341576472147,-0.08775341576472151,-0.10561871018504726,0.7271892425406659,0.5189075630252101,0.877493906907948,-0.6693248077583096,0.12389304812834225
supertrend_flip,30,1.8,2.2,vip_taker,1553,0.009628678072912233,0.06844452815880285,0.13412867461457517,-0.06568414645577232,-0.06568414645577232,-0.08351909529217305,0.7125762896871382,0.5183515775917579,0.9038362629080965,-0.612735747398065,0.13440855614973263
supertrend_flip,30,1.8,2.2,maker*,1919,0.009023036995519958,0.023053138974706792,0.053713597902238765,-0.03066045892753196,-0.030660458927531973,-0.03328248663241588,0.6186097229384254,0.5101615424700364,0.9558230084066582,-0.4060480166258844,0.1633625668449198
supertrend_flip,30,1.8,2.2,half_fill*,1919,0.009023036995519958,0.023053138974706792,0.053713597902238765,-0.03066045892753196,-0.030660458927531973,-0.03328248663241588,0.6186097229384254,0.5101615424700364,0.9558230084066582,-0.4060480166258844,0.1633625668449198
supertrend_flip,30,2.5,3.0,taker (real),1327,0.012454255063193455,0.10250539387494172,0.1448457777570628,-0.04234038388212109,-0.042340383882121094,-0.04241451856215707,0.5087939015302474,0.520723436322532,0.9287922561939626,-0.38552954115619675,0.19089625668449198
supertrend_flip,30,2.5,3.0,vip_taker,1445,0.01181148485909322,0.07340926026702624,0.10285734825307415,-0.02944808798604789,-0.029448087986047908,-0.030007733345678064,0.4688328108366385,0.5190311418685121,0.9467758056941106,-0.3254706155095448,0.20860748663101605
supertrend_flip,30,2.5,3.0,maker*,1721,0.011950514496413756,0.03656656082958649,0.03990821170203819,-0.003341650872451705,-0.0033416508724517027,0.007526078770491298,0.35343299579153753,0.5148169668797211,0.9935308182418594,-0.05328217494717402,0.25181604278074865
supertrend_flip,30,2.5,3.0,half_fill*,1721,0.011950514496413756,0.03656656082958649,0.03990821170203819,-0.003341650872451705,-0.0033416508724517027,0.007526078770491298,0.35343299579153753,0.5148169668797211,0.9935308182418594,-0.05328217494717402,0.25181604278074865
supertrend_flip,30,3.5,4.0,taker (real),1123,0.016237020052224115,0.10871982947543932,0.10683865323464481,0.0018811762407945137,0.0018811762407945076,0.0027756104956998696,0.3906201317001755,0.5209260908281389,0.9887282087375824,-0.05274571888685142,0.2359187165775401
supertrend_flip,30,3.5,4.0,vip_taker,1229,0.016279373954289796,0.09251906950624669,0.07482877980491061,0.017690289701336084,0.017690289701336084,0.02791427246135734,0.34168013089215343,0.5256305939788446,1.0279776468914237,0.15611293673893223,0.2625454545454545
supertrend_flip,30,3.5,4.0,maker*,1371,0.016391035194011742,0.06494107775544489,0.029162551510455156,0.03577852624498973,0.03577852624498973,0.05178042579138483,0.2306277222712717,0.5237053245805982,1.063866386635171,0.4263204399397682,0.2981475935828877
supertrend_flip,30,3.5,4.0,half_fill*,1371,0.016391035194011742,0.06494107775544489,0.029162551510455156,0.03577852624498973,0.03577852624498973,0.05178042579138483,0.2306277222712717,0.5237053245805982,1.063866386635171,0.4263204399397682,0.2981475935828877
supertrend_flip,30,5.0,6.0,taker (real),727,0.021315574111642525,0.08913721027832239,0.08013055571911311,0.009006654559209296,0.009006654559209279,0.01746197189286393,0.20723894828710832,0.5116918844566712,1.0242948017131157,0.060119280474502546,0.2117048128342246
supertrend_flip,30,5.0,6.0,vip_taker,739,0.021227277592363283,0.0677084193241546,0.05723587548612252,0.010472543838032068,0.010472543838032075,0.01950529054393906,0.1924538734740161,0.5115020297699594,1.0284988109816817,0.07268054353622411,0.21664171122994652
supertrend_flip,30,5.0,6.0,maker*,772,0.021178444343399258,0.05282814131805682,0.022746693770800974,0.030081447547255846,0.030081447547255846,0.03969870431557734,0.1473556407372234,0.522020725388601,1.0758608172768573,0.20542639876284396,0.22583101604278075
supertrend_flip,30,5.0,6.0,half_fill*,772,0.021178444343399258,0.05282814131805682,0.022746693770800974,0.030081447547255846,0.030081447547255846,0.03969870431557734,0.1473556407372234,0.522020725388601,1.0758608172768573,0.20542639876284396,0.22583101604278075
supertrend_flip,30,7.0,8.0,taker (real),502,0.029212502237485977,0.06360648935790456,0.05882088830207968,0.004785601055824855,0.004785601055824873,0.005112067444331778,0.20038967325586943,0.5099601593625498,1.0008494821178675,0.0010512658935930563,0.1719187165775401
supertrend_flip,30,7.0,8.0,vip_taker,506,0.029212502593287015,0.048267720415295604,0.04185581181604226,0.006411908599253343,0.006411908599253342,0.009117987298167679,0.19481485350888406,0.5118577075098815,1.0134275651766949,0.01671631528277695,0.17426310160427808
supertrend_flip,30,7.0,8.0,maker*,524,0.029159078049011092,0.04670008140354648,0.01683766226572927,0.029862419137817217,0.029862419137817207,0.03133241338716793,0.14264144630395437,0.5248091603053435,1.0861016677286663,0.10951550312147207,0.18003850267379679
supertrend_flip,30,7.0,8.0,half_fill*,524,0.029159078049011092,0.04670008140354648,0.01683766226572927,0.029862419137817217,0.029862419137817207,0.03133241338716793,0.14264144630395437,0.5248091603053435,1.0861016677286663,0.10951550312147207,0.18003850267379679
combo_trend_pullback,30,1.0,1.0,taker (real),1267,0.005241107595378643,0.08486548018935086,0.3091140485192727,-0.2242485683299218,-0.22424856832992185,-0.2928071254034312,0.9125800506353238,0.4988161010260458,0.6490743839699556,-0.9097980716341102,0.04794010695187166
combo_trend_pullback,30,1.0,1.0,vip_taker,1496,0.005440434851075733,0.03771958785943925,0.21116537838226357,-0.17344579052282433,-0.17344579052282433,-0.2519140344264934,0.8948562387844424,0.49732620320855614,0.7093200135978505,-0.8945358300554209,0.05835294117647059
combo_trend_pullback,30,1.0,1.0,maker*,2000,0.005704418353123183,-0.013142637437653133,0.08056829324816883,-0.09371093068582198,-0.09371093068582197,-0.15873332999938067,0.8213442847979402,0.493,0.8344972350429174,-0.810332648736191,0.07988021390374332
combo_trend_pullback,30,1.0,1.0,half_fill*,2000,0.005704418353123183,-0.013142637437653133,0.08056829324816883,-0.09371093068582198,-0.09371093068582197,-0.15873332999938067,0.8213442847979402,0.493,0.8344972350429174,-0.810332648736191,0.07988021390374332
combo_trend_pullback,30,1.5,1.5,taker (real),1247,0.008347201962378694,0.03317912408701935,0.1945318877592067,-0.1613527636721874,-0.16135276367218737,-0.2047729500897815,0.8313061242470209,0.483560545308741,0.7403878604199966,-0.821518182184944,0.09442566844919786
combo_trend_pullback,30,1.5,1.5,vip_taker,1385,0.008519570172945174,0.00407230949486786,0.1355213824364724,-0.13144907294160457,-0.13144907294160454,-0.17814602641656088,0.8041424153388267,0.48375451263537905,0.7868073410584513,-0.7942506063462671,0.10570267379679145
combo_trend_pullback,30,1.5,1.5,maker*,1661,0.008521368363755956,-0.018397363660877894,0.05416875342897938,-0.07256611708985727,-0.07256611708985727,-0.10608244332109253,0.6939157022828889,0.48826008428657436,0.8700461874710953,-0.6628237198555278,0.1264
combo_trend_pullback,30,1.5,1.5,half_fill*,1661,0.008521368363755956,-0.018397363660877894,0.05416875342897938,-0.07256611708985727,-0.07256611708985727,-0.10608244332109253,0.6939157022828889,0.48826008428657436,0.8700461874710953,-0.6628237198555278,0.1264
combo_trend_pullback,30,1.8,2.2,taker (real),1075,0.00980154892259457,0.009708158280961691,0.16444499690547346,-0.15473683862451176,-0.15473683862451176,-0.16954159222599952,0.7734896676556675,0.4744186046511628,0.7468341449760799,-0.7717943469512396,0.11863957219251337
combo_trend_pullback,30,1.8,2.2,vip_taker,1177,0.0098822552317724,0.0008582437230954728,0.11769178416021947,-0.11683354043712398,-0.116833540437124,-0.13255851755173856,0.7253869538127877,0.4817332200509771,0.7924041158197231,-0.7101062215861527,0.1300192513368984
combo_trend_pullback,30,1.8,2.2,maker*,1398,0.010016341476101148,-0.017396449982664302,0.04612396319699679,-0.06352041317966109,-0.06352041317966109,-0.08162822809040562,0.6053789366945833,0.488555078683834,0.8773407498720287,-0.5806112531491272,0.15436149732620322
combo_trend_pullback,30,1.8,2.2,half_fill*,1398,0.010016341476101148,-0.017396449982664302,0.04612396319699679,-0.06352041317966109,-0.06352041317966109,-0.08162822809040562,0.6053789366945833,0.488555078683834,0.8773407498720287,-0.5806112531491272,0.15436149732620322
combo_trend_pullback,30,2.5,3.0,taker (real),906,0.012936743237036443,0.018405107643868462,0.12418946204333686,-0.10578435439946839,-0.1057843543994684,-0.1110077857226634,0.5828826921705497,0.47130242825607066,0.7888693886062775,-0.5614232686047609,0.14548877005347594
combo_trend_pullback,30,2.5,3.0,vip_taker,969,0.012987950012766031,0.00886926962624836,0.08759866434832096,-0.07872939472207259,-0.0787293947220726,-0.08442556235276581,0.5453693404047817,0.47471620227038186,0.8327029096563042,-0.4893867047933712,0.15460106951871658
combo_trend_pullback,30,2.5,3.0,maker*,1080,0.013177711185994822,-0.018665711166433223,0.034663448222153385,-0.05332915938858661,-0.05332915938858661,-0.061270455097786024,0.47263383931413083,0.48055555555555557,0.8774315374239664,-0.41850054918492186,0.17196149732620322
combo_trend_pullback,30,2.5,3.0,half_fill*,1080,0.013177711185994822,-0.018665711166433223,0.034663448222153385,-0.05332915938858661,-0.05332915938858661,-0.061270455097786024,0.47263383931413083,0.48055555555555557,0.8774315374239664,-0.41850054918492186,0.17196149732620322
combo_trend_pullback,30,3.5,4.0,taker (real),769,0.01699341055034695,0.044027725096074416,0.09173269419472692,-0.04770496909865251,-0.0477049690986525,-0.0452667828545965,0.36264690234632524,0.47464239271781533,0.8805854440464184,-0.2589651413460409,0.15871657754010696
combo_trend_pullback,30,3.5,4.0,vip_taker,834,0.01730142961983286,0.03253709700239573,0.0650367236206013,-0.03249962661820556,-0.03249962661820557,-0.02753980257813465,0.28498951709104114,0.47721822541966424,0.9231219561486752,-0.18887011161558265,0.17261176470588235
combo_trend_pullback,30,3.5,4.0,maker*,885,0.01727735164952656,0.01721201189311744,0.026124265231455817,-0.008912253338338378,-0.008912253338338377,-0.008964611065648165,0.24156110553116228,0.48926553672316386,0.963048093518557,-0.100874008384647,0.18111657754010696
combo_trend_pullback,30,3.5,4.0,half_fill*,885,0.01727735164952656,0.01721201189311744,0.026124265231455817,-0.008912253338338378,-0.008912253338338377,-0.008964611065648165,0.24156110553116228,0.48926553672316386,0.963048093518557,-0.100874008384647,0.18111657754010696
combo_trend_pullback,30,5.0,6.0,taker (real),572,0.02335257249750403,0.013257193287879802,0.06755479503434807,-0.05429760174646827,-0.05429760174646826,-0.057726700837833704,0.2810802268055971,0.46153846153846156,0.8260667944325706,-0.23092867346003232,0.1468235294117647
combo_trend_pullback,30,5.0,6.0,vip_taker,583,0.02345306635806582,-0.0017884152505714063,0.04806587038289971,-0.04985428563347113,-0.049854285633471114,-0.04804861073409807,0.2544251686258745,0.4614065180102916,0.853878224698322,-0.20187914793988648,0.14933048128342247
combo_trend_pullback,30,5.0,6.0,maker*,627,0.023292673486095514,0.006995872798807221,0.019180288805897987,-0.012184416007090764,-0.012184416007090765,0.0007949113722005377,0.16541227062323305,0.47368421052631576,0.9860826595419614,-0.020755065635323144,0.159503743315508
combo_trend_pullback,30,5.0,6.0,half_fill*,627,0.023292673486095514,0.006995872798807221,0.019180288805897987,-0.012184416007090764,-0.012184416007090765,0.0007949113722005377,0.16541227062323305,0.47368421052631576,0.9860826595419614,-0.020755065635323144,0.159503743315508
combo_trend_pullback,30,7.0,8.0,taker (real),484,0.03178559587994722,0.03736231885784398,0.04967220822414424,-0.012309889366300253,-0.012309889366300258,-0.014837489601113411,0.11459093484632665,0.4772727272727273,0.9363530175994277,-0.05792228206193373,0.13418609625668448
combo_trend_pullback,30,7.0,8.0,vip_taker,492,0.03178559450734043,0.031691325957738624,0.035470563464059954,-0.0037792375063213385,-0.00377923750632133,-0.004077035961691186,0.10965156952421384,0.483739837398374,0.9720218118467309,-0.025522301772777367,0.13644491978609627
combo_trend_pullback,30,7.0,8.0,maker*,504,0.03176402890140515,0.018242587843736276,0.014200893634544747,0.00404169420919152,0.004041694209191529,0.0032777723495307828,0.10151015503810756,0.4861111111111111,0.9976026851390739,-0.002230881702744547,0.1400385026737968
combo_trend_pullback,30,7.0,8.0,half_fill*,504,0.03176402890140515,0.018242587843736276,0.014200893634544747,0.00404169420919152,0.004041694209191529,0.0032777723495307828,0.10151015503810756,0.4861111111111111,0.9976026851390739,-0.002230881702744547,0.1400385026737968
combo_trend_pullback,15,1.0,1.0,taker (real),1304,0.003300007548009214,0.16378238772639564,0.4911748798200254,-0.3273924920936298,-0.32739249209362975,-0.4088623538506786,0.9759737656442781,0.5023006134969326,0.6374671472597757,-0.9758535684013749,0.025262680539393526
combo_trend_pullback,15,1.0,1.0,vip_taker,1638,0.0034192665341694455,0.09215124547948116,0.3519823826477651,-0.25983113716828393,-0.25983113716828393,-0.36982934352672775,0.9742211124863459,0.5054945054945055,0.6977070714272812,-0.9741853378698334,0.03086710247107947
combo_trend_pullback,15,1.0,1.0,maker*,3223,0.004137022310897615,0.008290187572829202,0.1201702626972316,-0.11188007512440241,-0.1118800751244024,-0.2263005085054842,0.9589750887833806,0.5035681042506981,0.8546577074542673,-0.9518991009636572,0.05905178314737491
combo_trend_pullback,15,1.0,1.0,half_fill*,3223,0.004137022310897615,0.008290187572829202,0.1201702626972316,-0.11188007512440241,-0.1118800751244024,-0.2263005085054842,0.9589750887833806,0.5035681042506981,0.8546577074542673,-0.9518991009636572,0.05905178314737491
combo_trend_pullback,15,1.5,1.5,taker (real),1462,0.005198360032014948,0.095607764955904,0.3305315787912975,-0.23492381383539346,-0.2349238138353935,-0.3005588140700043,0.9476796453436723,0.49589603283173733,0.7037328318784546,-0.9468716022744682,0.054598192894790884
combo_trend_pullback,15,1.5,1.5,vip_taker,1888,0.005639761811376013,0.04125327093813342,0.22101765858339906,-0.17976438764526562,-0.17976438764526564,-0.2622624728851236,0.9471310653040371,0.4957627118644068,0.7646173814251808,-0.9441904190375249,0.06928092271887193
combo_trend_pullback,15,1.5,1.5,maker*,2787,0.006103095083886704,-0.018380450441408975,0.08063685204279168,-0.09901730248420064,-0.09901730248420065,-0.17649603222338875,0.9230310866632638,0.4901327592393254,0.8607609434579417,-0.9044287651373903,0.10411390238893832
combo_trend_pullback,15,1.5,1.5,half_fill*,2787,0.006103095083886704,-0.018380450441408975,0.08063685204279168,-0.09901730248420064,-0.09901730248420065,-0.17649603222338875,0.9230310866632638,0.4901327592393254,0.8607609434579417,-0.9044287651373903,0.10411390238893832
combo_trend_pullback,15,1.8,2.2,taker (real),1624,0.00673665149033739,0.06486732003513207,0.25845693001763714,-0.1935896099825051,-0.19358960998250507,-0.24543236596666956,0.936086030643751,0.4907635467980296,0.7469063177688156,-0.9350016875833194,0.09006862208227805
combo_trend_pullback,15,1.8,2.2,vip_taker,1957,0.007087500708560002,0.021019203006422058,0.17566928735318965,-0.1546500843467676,-0.15465008434676758,-0.21666659767405216,0.927589692598624,0.4910577414409811,0.7972852574788807,-0.9273902730709154,0.10902525840235472
combo_trend_pullback,15,1.8,2.2,maker*,2612,0.007411277591789847,-0.015213911032893202,0.06646005237174973,-0.08167396340464293,-0.08167396340464293,-0.13170372829828106,0.8724590954667001,0.4934915773353752,0.8830913650631816,-0.8510916007419655,0.14877387227051816
combo_trend_pullback,15,1.8,2.2,half_fill*,2612,0.007411277591789847,-0.015213911032893202,0.06646005237174973,-0.08167396340464293,-0.08167396340464293,-0.13170372829828106,0.8724590954667001,0.4934915773353752,0.8830913650631816,-0.8510916007419655,0.14877387227051816
combo_trend_pullback,15,2.5,3.0,taker (real),1608,0.009022021811027209,0.038607175876987115,0.18875747582990435,-0.15015029995291723,-0.15015029995291723,-0.1932262625348529,0.8697070197897961,0.47699004975124376,0.7722664158745809,-0.8658861735618169,0.13033489629680334
combo_trend_pullback,15,2.5,3.0,vip_taker,1904,0.009601336288736054,0.020472385932888346,0.12822506698080283,-0.1077526810479145,-0.10775268104791448,-0.15431505988980704,0.8390406659297772,0.48581932773109243,0.8266798435353863,-0.8289871509124586,0.15643182284892873
combo_trend_pullback,15,2.5,3.0,maker*,2257,0.009826443436231413,-0.01858566800492806,0.05022588745994819,-0.06881155546487626,-0.06881155546487625,-0.11004564283093776,0.7922037050347677,0.48604342046965,0.8846356002015292,-0.7547910939537641,0.1864518447532343
combo_trend_pullback,15,2.5,3.0,half_fill*,2257,0.009826443436231413,-0.01858566800492806,0.05022588745994819,-0.06881155546487626,-0.06881155546487625,-0.11004564283093776,0.7922037050347677,0.48604342046965,0.8846356002015292,-0.7547910939537641,0.1864518447532343
combo_trend_pullback,15,3.5,4.0,taker (real),1541,0.012557725784029868,0.0312931532476713,0.13566200108594684,-0.10436884783827553,-0.10436884783827555,-0.14767233127908433,0.7612128208967801,0.47112264763140815,0.8003223190535297,-0.7393813121757103,0.1608811349168321
combo_trend_pullback,15,3.5,4.0,vip_taker,1712,0.013048202518428014,0.008128847536384761,0.09381040362636496,-0.08568155608998024,-0.0856815560899802,-0.12759943535077312,0.7414724733211956,0.48014018691588783,0.8355423488111525,-0.7090021116767833,0.18127951947429666
combo_trend_pullback,15,3.5,4.0,maker*,1982,0.013279036698439634,-0.01449996642832096,0.03726020179152786,-0.05176016821984881,-0.051760168219848815,-0.08121964444703968,0.6633142610616469,0.48890010090817354,0.8939765134094586,-0.5875379229677026,0.21055941542884524
combo_trend_pullback,15,3.5,4.0,half_fill*,1982,0.013279036698439634,-0.01449996642832096,0.03726020179152786,-0.05176016821984881,-0.051760168219848815,-0.08121964444703968,0.6633142610616469,0.48890010090817354,0.8939765134094586,-0.5875379229677026,0.21055941542884524
combo_trend_pullback,15,5.0,6.0,taker (real),1426,0.017302845228588964,0.038925809472835284,0.09876340943075708,-0.059837599957921775,-0.059837599957921796,-0.08883801670737122,0.5505954837151819,0.4642356241234222,0.8450622720250776,-0.4909031433120524,0.1842699705660894
combo_trend_pullback,15,5.0,6.0,vip_taker,1482,0.017471712312496623,0.01904671429673604,0.06981948118117319,-0.05077276688443715,-0.050772766884437145,-0.0829564670136591,0.5520308978122235,0.47300944669365724,0.8586686479450829,-0.47246887992897746,0.19197070299130672
combo_trend_pullback,15,5.0,6.0,maker*,1629,0.017711983451433922,-0.005429099570533863,0.027632387851784287,-0.03306148742231813,-0.03306148742231815,-0.05348769935026061,0.5080322060760004,0.4904849600982198,0.9047859821898246,-0.3697672651938848,0.21043534807310563
combo_trend_pullback,15,5.0,6.0,half_fill*,1629,0.017711983451433922,-0.005429099570533863,0.027632387851784287,-0.03306148742231813,-0.03306148742231815,-0.05348769935026061,0.5080322060760004,0.4904849600982198,0.9047859821898246,-0.3697672651938848,0.21043534807310563
combo_trend_pullback,15,7.0,8.0,taker (real),1167,0.02276717308344909,0.027960171925930043,0.07394231257183827,-0.04598214064590823,-0.04598214064590822,-0.07667972499007786,0.39783108433685765,0.45758354755784064,0.8293417907836026,-0.34296232423470674,0.16367051132863303
combo_trend_pullback,15,7.0,8.0,vip_taker,1218,0.02277648199235179,0.019058287164707585,0.05311422318435442,-0.03405593601964684,-0.034055936019646835,-0.056744716173563095,0.3529283446782362,0.4663382594417077,0.8683213242512238,-0.2809315736458049,0.17103326716407694
combo_trend_pullback,15,7.0,8.0,maker*,1335,0.022762619648832402,0.007673852575843534,0.021131397438576033,-0.0134575448627325,-0.013457544862732498,-0.01740924435017081,0.2767119618103706,0.49213483146067416,0.9500802304810195,-0.12475266640133709,0.1866700321719488
combo_trend_pullback,15,7.0,8.0,half_fill*,1335,0.022762619648832402,0.007673852575843534,0.021131397438576033,-0.0134575448627325,-0.013457544862732498,-0.01740924435017081,0.2767119618103706,0.49213483146067416,0.9500802304810195,-0.12475266640133709,0.1866700321719488
donchian_breakout,30,1.0,1.0,taker (real),1398,0.006270407212568703,0.09564413190362178,0.23435996563351927,-0.1387158337298975,-0.1387158337298975,-0.241325245143598,0.8373734845474726,0.5185979971387696,0.7289205543959493,-0.8271208684606198,0.0282524064171123
donchian_breakout,30,1.0,1.0,vip_taker,1671,0.006516551940815616,0.061404899074124886,0.16460896041196893,-0.10320406133784404,-0.10320406133784404,-0.1946863051838154,0.8031490869148293,0.5164572112507481,0.7895539755992719,-0.7933952541308579,0.03568770053475936
donchian_breakout,30,1.0,1.0,maker*,2793,0.006323599371105035,0.019692087361260276,0.06768382643552626,-0.04799173907426598,-0.04799173907426598,-0.10325790117513492,0.7327931992343119,0.5098460436806301,0.9203009953949086,-0.6854326014006289,0.06165561497326203
donchian_breakout,30,1.0,1.0,half_fill*,2793,0.006323599371105035,0.019692087361260276,0.06768382643552626,-0.04799173907426598,-0.04799173907426598,-0.10325790117513492,0.7327931992343119,0.5098460436806301,0.9203009953949086,-0.6854326014006289,0.06165561497326203
donchian_breakout,30,1.5,1.5,taker (real),1464,0.009391849988748459,0.08089084093496408,0.15867643592205846,-0.07778559498709439,-0.07778559498709438,-0.13505063708188078,0.6820506124498072,0.519808743169399,0.8276655445140079,-0.6792921199200845,0.07015187165775401
donchian_breakout,30,1.5,1.5,vip_taker,1877,0.009420439302755646,0.05863851407782534,0.11405274821096066,-0.0554142341331353,-0.05541423413313532,-0.08790154891717442,0.609499301047457,0.5189131592967501,0.8941640187263908,-0.5863112093513786,0.09108877005347593
donchian_breakout,30,1.5,1.5,maker*,2706,0.009040854575207322,0.021808119141250328,0.04616262194282922,-0.024354502801578887,-0.02435450280157889,-0.031673522731461956,0.4868476446656531,0.5110864745011087,0.9640840466186859,-0.3812478827673076,0.1356663101604278
donchian_breakout,30,1.5,1.5,half_fill*,2706,0.009040854575207322,0.021808119141250328,0.04616262194282922,-0.024354502801578887,-0.02435450280157889,-0.031673522731461956,0.4868476446656531,0.5110864745011087,0.9640840466186859,-0.3812478827673076,0.1356663101604278
donchian_breakout,30,1.8,2.2,taker (real),1500,0.011666845729909281,0.06752730423899925,0.13040641321464203,-0.06287910897564278,-0.06287910897564278,-0.0803749533439786,0.6355984933966372,0.5046666666666667,0.8988999834851267,-0.562681736613663,0.12820534759358287
donchian_breakout,30,1.8,2.2,vip_taker,1707,0.011581152337827718,0.044780899927277254,0.09325330999280358,-0.048472410065526335,-0.04847241006552633,-0.06470956037155262,0.6202215877291974,0.5026362038664324,0.9236211627413522,-0.5239827438461109,0.14600213903743314
donchian_breakout,30,1.8,2.2,maker*,2362,0.01091570873067328,0.022426368636174386,0.03823389049443349,-0.015807521858259094,-0.0158075218582591,-0.010738762889190423,0.5366577317053024,0.5033869602032176,0.9795304031785276,-0.2556043232529932,0.20501390374331552
donchian_breakout,30,1.8,2.2,half_fill*,2362,0.01091570873067328,0.022426368636174386,0.03823389049443349,-0.015807521858259094,-0.0158075218582591,-0.010738762889190423,0.5366577317053024,0.5033869602032176,0.9795304031785276,-0.2556043232529932,0.20501390374331552
donchian_breakout,30,2.5,3.0,taker (real),1151,0.015356882346284564,0.05567987227635681,0.09755031133088277,-0.04187043905452594,-0.041870439054525956,-0.04893027893410553,0.4703366525553453,0.5030408340573415,0.9161979334616395,-0.374949214406024,0.16549304812834226
donchian_breakout,30,2.5,3.0,vip_taker,1350,0.015368071312827854,0.04818934530567436,0.06992560334851966,-0.021736258042845312,-0.021736258042845298,-0.019960142346011973,0.4341232713983638,0.5066666666666667,0.9585894763473753,-0.23390798795264056,0.19484064171122994
donchian_breakout,30,2.5,3.0,maker*,1482,0.015337336418212649,0.015396138472930053,0.02792375465478477,-0.012527616181854712,-0.012527616181854717,-0.011348674381080052,0.440033927740877,0.4973009446693657,0.971958391402812,-0.18904468949303832,0.2144770053475936
donchian_breakout,30,2.5,3.0,half_fill*,1482,0.015337336418212649,0.015396138472930053,0.02792375465478477,-0.012527616181854712,-0.012527616181854717,-0.011348674381080052,0.440033927740877,0.4973009446693657,0.971958391402812,-0.18904468949303832,0.2144770053475936
donchian_breakout,30,3.5,4.0,taker (real),890,0.02103725957431806,0.04777609019890037,0.07099380413206129,-0.023217713933160893,-0.023217713933160918,-0.029554221237643726,0.4050022561687575,0.503370786516854,0.9386447097208614,-0.21596512523416234,0.18642139037433156
donchian_breakout,30,3.5,4.0,vip_taker,947,0.02062318698512744,0.04025989359687414,0.05163397921185176,-0.011374085614977632,-0.011374085614977623,-0.010522690974658494,0.36892109599234013,0.5058078141499472,0.9687425264970314,-0.11902194330583127,0.19757860962566845
donchian_breakout,30,3.5,4.0,maker*,1101,0.020017522811642815,0.024731562359772374,0.021106891673287116,0.003624670686485273,0.0036246706864852575,0.021380419527458568,0.2789733216058433,0.5068119891008175,1.0198033224216478,0.09374380303384644,0.23321497326203208
donchian_breakout,30,3.5,4.0,half_fill*,1101,0.020017522811642815,0.024731562359772374,0.021106891673287116,0.003624670686485273,0.0036246706864852575,0.021380419527458568,0.2789733216058433,0.5068119891008175,1.0198033224216478,0.09374380303384644,0.23321497326203208
donchian_breakout,30,5.0,6.0,taker (real),639,0.027414322290225054,0.07784380582943685,0.05329707984220466,0.02454672598723221,0.024546725987232197,0.03156791434572789,0.11870276633171628,0.5023474178403756,1.0608357594160944,0.13329509702764364,0.18098823529411764
donchian_breakout,30,5.0,6.0,vip_taker,648,0.02736152424060432,0.07076821045919922,0.03816076762535418,0.03260744283384504,0.032607442833845035,0.03816916996301398,0.11157982227163399,0.5092592592592593,1.0774870268937713,0.17300163303123361,0.1838716577540107
donchian_breakout,30,5.0,6.0,maker*,660,0.02734681752936853,0.05315558724787224,0.015268808249104903,0.037886778998767336,0.037886778998767336,0.04181641740124136,0.12227319508794399,0.503030303030303,1.0851090931372522,0.1974774721140533,0.1877133689839572
donchian_breakout,30,5.0,6.0,half_fill*,660,0.02734681752936853,0.05315558724787224,0.015268808249104903,0.037886778998767336,0.037886778998767336,0.04181641740124136,0.12227319508794399,0.503030303030303,1.0851090931372522,0.1974774721140533,0.1877133689839572
donchian_breakout,30,7.0,8.0,taker (real),379,0.03641519865255941,0.052471980254509935,0.03943099033449863,0.013040989920011308,0.013040989920011306,0.012123917215690455,0.09442620003113267,0.48812664907651715,1.0288228599565445,0.027012201675451708,0.1272898395721925
donchian_breakout,30,7.0,8.0,vip_taker,396,0.03652450554366651,0.05499102810680315,0.02809583839182143,0.02689518971498171,0.026895189714981716,0.029646603641510696,0.0961651733904153,0.5,1.093830170924423,0.08964892757767906,0.1330139037433155
donchian_breakout,30,7.0,8.0,maker*,411,0.0367752703638973,0.05523453132211928,0.011157402880770613,0.04407712844134866,0.044077128441348666,0.05173054602054644,0.09195430392371606,0.5036496350364964,1.1762900122885562,0.17534367785096472,0.1375914438502674
donchian_breakout,30,7.0,8.0,half_fill*,411,0.0367752703638973,0.05523453132211928,0.011157402880770613,0.04407712844134866,0.044077128441348666,0.05173054602054644,0.09195430392371606,0.5036496350364964,1.1762900122885562,0.17534367785096472,0.1375914438502674
combo_vol_flow,15,1.0,1.0,taker (real),570,0.001951608013993108,0.3540359064351331,0.933249089434317,-0.5792131829991838,-0.5792131829991838,-0.45472166896480276,0.9260202299059321,0.4473684210526316,0.4200376087004737,-0.9251985635174204,0.00572848928742556
combo_vol_flow,15,1.0,1.0,vip_taker,657,0.0018615571099679696,0.19676090988324602,0.6822340596817508,-0.4854731497985049,-0.48547314979850476,-0.4144614254053021,0.9208062704442813,0.471841704718417,0.4916696897564017,-0.9196354698117857,0.007041891984393182
combo_vol_flow,15,1.0,1.0,maker*,996,0.001879767241527382,0.06024096385542068,0.2608279237384599,-0.20058695988303918,-0.20058695988303923,-0.2209811607501134,0.7962658241969021,0.5230923694779116,0.6994369278473314,-0.787066002753487,0.010755356287220207
combo_vol_flow,15,1.0,1.0,half_fill*,996,0.001879767241527382,0.06024096385542068,0.2608279237384599,-0.20058695988303918,-0.20058695988303923,-0.2209811607501134,0.7962658241969021,0.5230923694779116,0.6994369278473314,-0.787066002753487,0.010755356287220207
combo_vol_flow,15,1.5,1.5,taker (real),662,0.002677152053552681,0.28075781150839046,0.6508471697792713,-0.3700893582708808,-0.3700893582708808,-0.30474538937672013,0.8755182548175353,0.513595166163142,0.5694958921001958,-0.8657987255207471,0.014438873297282497
combo_vol_flow,15,1.5,1.5,vip_taker,737,0.0025989978446523784,0.1617636401425324,0.4545755001748372,-0.29281186003230486,-0.29281186003230486,-0.26061677150199664,0.8468882414183172,0.5169606512890095,0.6213674434515218,-0.8302827738590215,0.01613303443083031
combo_vol_flow,15,1.5,1.5,maker*,914,0.002854877266446519,0.05837696215942501,0.17134443211794986,-0.11296746995852482,-0.11296746995852486,-0.11358998153017015,0.6522336469472338,0.5284463894967177,0.8122319652810326,-0.5940376515942905,0.020633684714901773
combo_vol_flow,15,1.5,1.5,half_fill*,914,0.002854877266446519,0.05837696215942501,0.17134443211794986,-0.11296746995852482,-0.11296746995852486,-0.11358998153017015,0.6522336469472338,0.5284463894967177,0.8122319652810326,-0.5940376515942905,0.020633684714901773
combo_vol_flow,15,1.8,2.2,taker (real),679,0.003095971478041804,0.2651327504609308,0.5271767085302055,-0.2620439580692747,-0.26204395806927466,-0.19987450989464114,0.8053693809214484,0.5360824742268041,0.68352897444442,-0.7774035127396304,0.023983503319871313
combo_vol_flow,15,1.8,2.2,vip_taker,756,0.003320973351548522,0.1770460407439337,0.36410205226605824,-0.18705601152212448,-0.18705601152212453,-0.1516681509762416,0.7482291017858231,0.5423280423280423,0.7645861451379429,-0.6973853518757462,0.02643490314189883
combo_vol_flow,15,1.8,2.2,maker*,810,0.003484550365968988,0.08450868984527442,0.14141106186225216,-0.056902372016977745,-0.056902372016977745,-0.04249515323622115,0.5147573557850944,0.5432098765432098,0.9124789206040724,-0.336186046368135,0.028852077486480936
combo_vol_flow,15,1.8,2.2,half_fill*,810,0.003484550365968988,0.08450868984527442,0.14141106186225216,-0.056902372016977745,-0.056902372016977745,-0.04249515323622115,0.5147573557850944,0.5432098765432098,0.9124789206040724,-0.336186046368135,0.028852077486480936
combo_vol_flow,15,2.5,3.0,taker (real),656,0.0045635071065210555,0.2197510517068303,0.3683478193044674,-0.14859676759763704,-0.14859676759763712,-0.12384057997278793,0.6493886011955504,0.538109756097561,0.764577148795271,-0.5917594960288931,0.03731860496953932
combo_vol_flow,15,2.5,3.0,vip_taker,697,0.004777890358942199,0.1614141445535109,0.2574970108155868,-0.0960828662620759,-0.09608286626207588,-0.08268373539658502,0.5589977013391593,0.5437589670014347,0.8302251676212392,-0.47070649984197765,0.03951759189540694
combo_vol_flow,15,2.5,3.0,maker*,724,0.004880246387234232,0.10299498184392447,0.10090479092406743,0.0020901909198570495,0.0020901909198570434,0.005710405069815497,0.2881607364787355,0.5469613259668509,0.9931341982711489,-0.02357786006401741,0.04173369155999726
combo_vol_flow,15,2.5,3.0,half_fill*,724,0.004880246387234232,0.10299498184392447,0.10090479092406743,0.0020901909198570495,0.0020901909198570434,0.005710405069815497,0.2881607364787355,0.5469613259668509,0.9931341982711489,-0.02357786006401741,0.04173369155999726
combo_vol_flow,15,3.5,4.0,taker (real),587,0.006307934271357595,0.1639537605218708,0.2630996848503881,-0.09914592432851725,-0.0991459243285173,-0.08176169768332602,0.49193462169054547,0.5127768313458262,0.8036867057929811,-0.39710960844055865,0.046790505852556646
combo_vol_flow,15,3.5,4.0,vip_taker,611,0.006515449884887893,0.11711957186502096,0.18528728345488066,-0.0681677115898597,-0.0681677115898597,-0.05446204057356145,0.43722828284101245,0.5155482815057283,0.8611538230334842,-0.30131030604047937,0.0483862687384489
combo_vol_flow,15,3.5,4.0,maker*,643,0.006788136428249852,0.07207742567200523,0.07236747103994182,-0.0002900453679365952,-0.00029004536793658664,0.0025434940658890857,0.2693172631338878,0.5318818040435459,0.9882389770687316,-0.02860545355161026,0.0510045177630228
combo_vol_flow,15,3.5,4.0,half_fill*,643,0.006788136428249852,0.07207742567200523,0.07236747103994182,-0.0002900453679365952,-0.00029004536793658664,0.0025434940658890857,0.2693172631338878,0.5318818040435459,0.9882389770687316,-0.02860545355161026,0.0510045177630228
combo_vol_flow,15,5.0,6.0,taker (real),472,0.008625901885449858,0.11104772455857029,0.19334300427848977,-0.08229527971991944,-0.08229527971991948,-0.07778493834319126,0.4228058121235595,0.4936440677966102,0.7846107208590666,-0.30744374668064123,0.0468161749606407
combo_vol_flow,15,5.0,6.0,vip_taker,489,0.008599060694253135,0.07918915559465191,0.13738561967773358,-0.0581964640830817,-0.05819646408308167,-0.057720852388328685,0.3857458596277239,0.49693251533742333,0.8316141811997461,-0.24487644658308438,0.04877558354439045
combo_vol_flow,15,5.0,6.0,maker*,549,0.009049550496000541,0.061332733858125106,0.053027216724683524,0.00830551713344158,0.008305517133441583,0.018794573647629764,0.21873949148618876,0.5227686703096539,1.0391522894169702,0.06265954031181642,0.05469231295776576
combo_vol_flow,15,5.0,6.0,half_fill*,549,0.009049550496000541,0.061332733858125106,0.053027216724683524,0.00830551713344158,0.008305517133441583,0.018794573647629764,0.21873949148618876,0.5227686703096539,1.0391522894169702,0.06265954031181642,0.05469231295776576
combo_vol_flow,15,7.0,8.0,taker (real),403,0.011330537537801406,0.10231026762707847,0.14385280911680387,-0.041542541489725436,-0.0415425414897254,-0.037014762106431356,0.23678995242602774,0.4913151364764268,0.8612043740233505,-0.1276174218424715,0.044745533575193376
combo_vol_flow,15,7.0,8.0,vip_taker,411,0.011438481459194861,0.07642271315040257,0.10243828829681458,-0.026015575146412003,-0.026015575146412007,-0.022287958225851175,0.20943310470256327,0.49635036496350365,0.9090487767927816,-0.08397623858865655,0.0458236361147238
combo_vol_flow,15,7.0,8.0,maker*,436,0.011484605787557483,0.04669199347297261,0.040434232836335834,0.006257760636636763,0.006257760636636772,0.01636365343018992,0.13887468271285697,0.5137614678899083,1.0446541643565397,0.04225317410766083,0.04874135806694503
combo_vol_flow,15,7.0,8.0,half_fill*,436,0.011484605787557483,0.04669199347297261,0.040434232836335834,0.006257760636636763,0.006257760636636772,0.01636365343018992,0.13887468271285697,0.5137614678899083,1.0446541643565397,0.04225317410766083,0.04874135806694503
