eval_id,timestamp,symbol,idea_file,name,hypothesis,strategy,tf,n_combos,n_eligible,train_positive_share,chosen_params,chosen_exec,train_trades,train_mean_r,train_gross_r,train_cost_r,train_max_dd,valid_trades,valid_mean_r,valid_ci_lo,valid_ci_hi,valid_p_gt_0,valid_gross_r,valid_cost_r,valid_win_rate,valid_profit_factor,valid_cagr,valid_max_dd,valid_avg_hold_h,valid_long_trades,valid_short_trades,valid_stop_rate,valid_tp_rate,valid_time_rate,valid_fill_rate,valid_size_skips,valid_per_year,stress_mean_r,verdict,gates_failed,holdout_verdict,data_version,structure,duplicate_of,splits
252109899e,2026-09-29 00:09 UTC,BTCUSDT,ideas/001_trend_breakout_trail.json,001_trend_breakout_trail,"A 15m breakout that agrees with the higher-timeframe trend is a continuation setup whose counterparty is the trapped breakout trader on the failed break of the opposite side. Those traps get filled on the retest, so the move continues. Two things decide whether this pays: (a) the stop must be wide (4-5x ATR) so that cost_r = 0.14%/stop% falls to roughly 0.06-0.08 R, because a continuation edge is small in absolute price terms; (b) there must be NO fixed take-profit, because the example idea's 3R cap only reached 7% while 61% of trades expired on time - the payoff of a trend entry is entirely in the few trades that run, and a cap throws them away.",recipe,15,12,12,0.0,"{""atr_n"": 14, ""cooldown_bars"": 4, ""direction"": ""both"", ""filters"": [{""mult"": 4, ""n"": 50, ""type"": ""htf_trend""}, {""min"": 20, ""n"": 14, ""type"": ""adx_min""}], ""max_hold_hours"": 12, ""stop"": {""mult"": 3.0, ""type"": ""atr""}, ""tp"": {""type"": ""none""}, ""trail_at"": 1.5, ""trail_atr"": 3.5, ""triggers"": [{""n"": 48, ""type"": ""donchian_break""}]}","{""entry_mode"": ""taker""}",1245,-0.0291574981077272,0.077998042255515,0.1071555403632422,0.5497456910367335,818,-0.0570204176782967,-0.1682614467990001,0.065171620958457,0.1668,0.1093722631009086,0.1663926807792053,0.3520782396088019,0.8916347042981906,-0.2452837848150644,0.4939805957193718,7.614303178484108,437,381,0.5831295843520783,0.0,0.4168704156479217,1.0,0,"{""2023"": [-0.0738, 378], ""2024"": [-0.0426, 440]}",-0.1378269582808946,REJECT,train_mean_r>0;valid_mean_r>0;valid_ci_lo>0;stress_mean_r>0;valid_max_dd<=20%,,native,recipe|15m|donchian_break|adx_min+htf_trend|both,,2020-01|2023-01|2025-01|2026-08
5066a68b70,2026-09-29 00:09 UTC,BTCUSDT,ideas/002_pct_stop_trend_breakout.json,002_pct_stop_trend_breakout,"Idea 001 measured a real gross edge on 15m Donchian breakouts (+0.125 R train, +0.155 R valid) and still lost, because an ATR-multiple stop is not a constant price distance: the same 3.0x ATR was 1.28% of price in 2020-2022 but 0.78% in 2023-2024, so cost_r rose from 0.109 to 0.179 and exceeded the gross edge. The counterparty and the continuation behaviour are unchanged; only the cost accounting was regime-dependent. Fixing the stop at a fraction of PRICE makes cost_r a constant 0.14%/pct, independent of the volatility regime, which is the single change that decides whether this gross edge survives. This idea therefore tests one mechanism, not a parameter search: a 1.5% stop costs 0.093 R whether ATR is 0.3% or 1.0% of price.",recipe,15,12,12,0.0,"{""atr_n"": 14, ""cooldown_bars"": 4, ""direction"": ""both"", ""filters"": [{""mult"": 4, ""n"": 50, ""type"": ""htf_trend""}, {""min"": 20, ""n"": 14, ""type"": ""adx_min""}], ""max_hold_hours"": 12, ""stop"": {""max_atr"": 8.0, ""min_atr"": 1.5, ""pct"": 0.012, ""type"": ""pct""}, ""tp"": {""type"": ""none""}, ""trail_at"": 1.5, ""trail_atr"": 3.5, ""triggers"": [{""n"": 48, ""type"": ""donchian_break""}]}","{""entry_mode"": ""taker""}",1290,-0.0431274137255951,0.0692457042058229,0.112373117931418,0.6360299868698371,786,-0.0310079133645025,-0.1264507777312707,0.0663599805377842,0.2652,0.0885937302313911,0.1196016435958937,0.3791348600508906,0.9291327443365888,-0.1387523487911459,0.3653202178602439,8.54675572519084,415,371,0.4872773536895674,0.0,0.5127226463104325,1.0,0,"{""2023"": [-0.0322, 359], ""2024"": [-0.03, 427]}",-0.092275648603776,REJECT,train_mean_r>0;valid_mean_r>0;valid_ci_lo>0;stress_mean_r>0;valid_max_dd<=20%,,native,recipe|15m|donchian_break|adx_min+htf_trend|both,,2020-01|2023-01|2025-01|2026-08
55b321947e,2026-09-29 00:09 UTC,BTCUSDT,ideas/003_funding_fade.json,003_funding_fade,"Extreme funding is a crowding measurement, not a signal by itself: a positive rate means longs are paying to hold, so the crowd is long and its exit is forced by cost rather than by conviction. When that crowded funding coincides with a price that is stretched far from its own recent mean, the stretched side is the one paying, and the reversion is caused by the crowd unwinding against itself. Requiring BOTH conditions (extreme funding AND a stretched z-score, within 8 bars of each other) should separate a real crowded unwind from ordinary drift.",recipe,15,16,0,,"{""atr_n"": 14, ""confirm_bars"": 8, ""cooldown_bars"": 8, ""direction"": ""both"", ""filters"": [], ""max_hold_hours"": 16, ""stop"": {""mult"": 4.0, ""type"": ""atr""}, ""tp"": {""r"": 2.0, ""type"": ""r""}, ""trigger_mode"": ""all"", ""triggers"": [{""thresh"": 0.0002, ""type"": ""funding_extreme""}, {""n"": 96, ""type"": ""zscore_revert"", ""z"": 2.0}]}","{""entry_mode"": ""taker""}",26,0.0576286021111605,0.1138986753499134,0.0562700732387528,0.0406658875396601,13,0.2176141078467147,-0.2797410216034552,0.7318149696603841,0.7904,0.3014626732798853,0.0838485654331705,0.6153846153846154,1.8082340968384776,0.0129792807444575,0.0502389295624567,14.076923076923077,0,13,0.2307692307692307,0.1538461538461538,0.6153846153846154,1.0,0,"{""2023"": [0.3114, 3], ""2024"": [0.1895, 10]}",0.1787770636720375,INCONCLUSIVE,valid_trades>=100;valid_ci_lo>0,,native,recipe|15m|funding_extreme+zscore_revert|-|both,,2020-01|2023-01|2025-01|2026-08
d3042109b4,2026-09-29 00:09 UTC,BTCUSDT,ideas/004_squeeze_expansion.json,004_squeeze_expansion,"A Bollinger-width squeeze means liquidity providers have widened their quotes and the breakout traders who sold the compression are now flat or stopped, so the market is thin of both sides. The first expansion bar out of that thin book, if it agrees with the higher-timeframe trend, is a genuine regime change rather than noise: the counterparty is the crowd that bought the bottom of the range and is now short into the expansion. Requiring the ATR ratio to be above 1 at entry ensures we are entering on the expansion, not during the compression.",recipe,15,24,24,0.0,"{""atr_n"": 14, ""cooldown_bars"": 4, ""direction"": ""both"", ""filters"": [{""lookback"": 500, ""n"": 20, ""q"": 0.2, ""type"": ""squeeze""}, {""fast"": 14, ""hi"": 99, ""lo"": 0.7, ""slow"": 100, ""type"": ""vol_regime""}, {""mult"": 4, ""n"": 50, ""type"": ""htf_trend""}], ""max_hold_hours"": 12, ""stop"": {""mult"": 3.0, ""type"": ""atr""}, ""tp"": {""type"": ""none""}, ""trail_at"": 1.5, ""trail_atr"": 3.0, ""triggers"": [{""n"": 48, ""type"": ""donchian_break""}]}","{""entry_mode"": ""taker""}",447,-0.0491301770009324,0.0757333026671387,0.1248634796680712,0.4320393875386872,198,-0.1895638167046952,-0.407602332718498,0.0505867182640637,0.0565,0.0133827997162365,0.2029466164209318,0.3181818181818182,0.6965974359482591,-0.1794338089193476,0.3405438003083916,6.58080808080808,126,72,0.7070707070707071,0.0,0.2929292929292929,1.0,0,"{""2023"": [-0.3851, 84], ""2024"": [-0.0455, 114]}",-0.3185186487093424,REJECT,train_mean_r>0;valid_mean_r>0;valid_ci_lo>0;stress_mean_r>0;valid_max_dd<=20%,,native,recipe|15m|donchian_break|htf_trend+squeeze+vol_regime|both,,2020-01|2023-01|2025-01|2026-08
cdde91ae48,2026-09-29 00:09 UTC,BTCUSDT,ideas/005_session_open_break.json,005_session_open_break,"The London and New York opens are when the day's concentrated flow arrives: desks that must trade the session open cross the spread, and the overnight range is the agreed reference price they cross. A break of the pre-session range with genuine volume is therefore filled by real flow instead of by an opposing taker, unlike a mid-session breakout. The post-only entry is part of the hypothesis, not a saving: at the range edge we can rest a limit and pay maker instead of taker, which is worth 0.03% of price on this idea's wider stop.",recipe,15,16,16,0.9375,"{""atr_n"": 14, ""cooldown_bars"": 8, ""direction"": ""both"", ""filters"": [{""k"": 1.5, ""n"": 96, ""type"": ""volume_spike""}, {""mult"": 4, ""n"": 50, ""type"": ""htf_trend""}], ""max_hold_hours"": 8, ""stop"": {""mult"": 2.5, ""type"": ""atr""}, ""tp"": {""r"": 2.5, ""type"": ""r""}, ""triggers"": [{""hours"": [7, 8, 13, 14], ""range_n"": 16, ""type"": ""range_break""}]}","{""entry_fill_ratio"": 1.0, ""entry_mode"": ""post_only"", ""entry_offset_atr"": 0.0}",573,0.0792238044420717,0.1882983979786388,0.1090745935365671,0.1914443104825109,390,0.0673985772823501,-0.07882525681683,0.2136813981523597,0.8118,0.2379200669138715,0.1705214896315213,0.3948717948717948,1.0981833459018775,0.1078267369224099,0.1714471190139093,4.028205128205128,212,178,0.517948717948718,0.2512820512820513,0.2307692307692307,0.9948979591836736,0,"{""2023"": [-0.0456, 167], ""2024"": [0.152, 223]}",-0.0023644920287147,REJECT,valid_ci_lo>0;stress_mean_r>0,,native,recipe|15m|range_break|htf_trend+volume_spike|both,,2020-01|2023-01|2025-01|2026-08
c208dafd61,2026-09-29 00:09 UTC,BTCUSDT,ideas/006_long_only_trend.json,006_long_only_trend,"On a 15-30m timeframe the short side of BTC carries no drift: it is pure cost. A long-only version of the same trend entry keeps the identical trigger and exit, so any difference in mean R between this idea and a both-sides version of the same idea measures how much the short side costs. If long-only is materially better, the negative results in this project are a statement about short intraday BTC, not about the trigger.",recipe,30,12,0,,"{""atr_n"": 14, ""cooldown_bars"": 4, ""direction"": ""long"", ""filters"": [{""fast"": 50, ""slow"": 200, ""type"": ""trend_ema""}, {""min"": 20, ""n"": 14, ""type"": ""adx_min""}], ""max_hold_hours"": 8, ""stop"": {""mult"": 5.0, ""type"": ""atr""}, ""tp"": {""type"": ""none""}, ""trail_at"": 1.5, ""trail_atr"": 3.0, ""triggers"": [{""fast"": 20, ""slow"": 50, ""type"": ""ema_cross""}]}","{""entry_mode"": ""taker""}",89,0.0015052327440225,0.0564638022062702,0.0549585694622477,0.0613161925853404,52,0.1357448559298035,-0.047636851069616,0.3344641478919158,0.9229,0.2018975113798853,0.0661526554500818,0.5384615384615384,1.7587808698077156,0.033807139028249,0.0184639205777561,7.846153846153846,52,0,0.0576923076923076,0.0,0.9423076923076924,1.0,0,"{""2023"": [0.1672, 27], ""2024"": [0.1018, 25]}",0.1029187887133045,INCONCLUSIVE,valid_trades>=100;valid_ci_lo>0,,native,recipe|30m|ema_cross|adx_min+trend_ema|long,,2020-01|2023-01|2025-01|2026-08
93ef5c196c,2026-09-29 00:09 UTC,BTCUSDT,ideas/007_direction_ablation_pct_stop.json,007_direction_ablation_pct_stop,"Idea 002 (both sides) and idea 006 (long only, 30m EMA cross) disagree by an order of magnitude on valid: +0.039 R versus +0.244 R. The two differ in trigger, timeframe and direction at once, so the difference cannot be attributed. This idea holds the trigger, filters, stop and exits at idea 002's proven configuration and varies ONLY the direction, so the size of the short side's contribution is measured rather than assumed. If long-only is materially better on the same signals, then the negative results recorded against short intraday BTC in Exp 003-011 are a statement about that side of the book, and the honest candidate is a one-sided trend system.",recipe,15,12,12,0.0,"{""atr_n"": 14, ""cooldown_bars"": 4, ""direction"": ""long"", ""filters"": [{""mult"": 4, ""n"": 50, ""type"": ""htf_trend""}, {""min"": 20, ""n"": 14, ""type"": ""adx_min""}], ""max_hold_hours"": 12, ""stop"": {""max_atr"": 8.0, ""min_atr"": 1.5, ""pct"": 0.02, ""type"": ""pct""}, ""tp"": {""type"": ""none""}, ""trail_at"": 1.5, ""trail_atr"": 2.5, ""triggers"": [{""n"": 48, ""type"": ""donchian_break""}]}","{""entry_mode"": ""taker""}",631,-0.0311478890714783,0.0412063833979187,0.072354272469397,0.4366056725114391,418,0.0510025857047177,-0.0405663988226836,0.1465568652114477,0.8541,0.1318679927445967,0.080865407039879,0.4425837320574162,1.1267566286253634,0.0949321042257258,0.1385408926823567,10.464712918660288,418,0,0.2822966507177033,0.0,0.715311004784689,1.0,0,"{""2023"": [0.046, 196], ""2024"": [0.0555, 222]}",0.0103064452963709,REJECT,train_mean_r>0;valid_ci_lo>0,,native,recipe|15m|donchian_break|adx_min+htf_trend|both,,2020-01|2023-01|2025-01|2026-08
0269bf5d77,2026-09-29 00:09 UTC,BTCUSDT,ideas/008_short_breakout_exit_by_price.json,008_short_breakout_exit_by_price,"Idea 007's short-side Donchian with a 2% stop is profitable on both periods (+0.049 train, +0.070 valid) but 82% of its trades close on the 8-hour time stop and only 18% on the stop: the clock, not price, is ending the average trade, so its gross_r of +0.156 is really a measurement of 8-hour BTC drift rather than of the breakout. Exp 009 independently found the marginal edge in this project needs 6-18h holds, which is the same statement. If the time stop is what truncates winners, then (a) removing the clock with a long hold and (b) arming the ATR trail early enough to actually trigger (at 1.5R the price must move 3% inside 8h, which is rare) should both raise gross_r without touching the entry or the cost side of the ledger.",recipe,15,12,12,0.0,"{""atr_n"": 14, ""cooldown_bars"": 4, ""direction"": ""short"", ""filters"": [{""mult"": 4, ""n"": 50, ""type"": ""htf_trend""}, {""min"": 20, ""n"": 14, ""type"": ""adx_min""}], ""max_hold_hours"": 24, ""stop"": {""max_atr"": 8.0, ""min_atr"": 1.5, ""pct"": 0.02, ""type"": ""pct""}, ""tp"": {""type"": ""none""}, ""trail_at"": 1.5, ""trail_atr"": 3.5, ""triggers"": [{""n"": 48, ""type"": ""donchian_break""}]}","{""entry_mode"": ""taker""}",519,-0.0752416859276533,-0.0038731459559908,0.0713685399716624,0.4534283445249194,296,-0.1326384367748879,-0.2493222800303268,-0.0147976744140932,0.0144,-0.0516064110850788,0.0810320256898091,0.3851351351351351,0.7197790066843531,-0.1770151099278641,0.37190984130244,17.701013513513512,0,296,0.5067567567567568,0.0,0.4932432432432432,1.0,0,"{""2023"": [-0.1484, 134], ""2024"": [-0.1196, 162]}",-0.1706735934455478,REJECT,train_mean_r>0;valid_mean_r>0;valid_ci_lo>0;stress_mean_r>0;valid_max_dd<=20%,,native,recipe|15m|donchian_break|adx_min+htf_trend|short,,2020-01|2023-01|2025-01|2026-08
32e903fb0d,2026-09-29 00:10 UTC,BTCUSDT,ideas/009_short_breakout_5m_pct_stop.json,009_short_breakout_5m_pct_stop,"Idea 007/008 fail on exactly one gate: 233 validation trades give a 95% CI of [-0.041, +0.165] around a mean R of +0.070, so the estimate is too imprecise, not negative. In every earlier experiment of this project a lower timeframe lost, and the reason was always cost_r: the same round trip costs more R when the stop is narrow. That reason no longer applies, because idea 002's percentage-of-price stop makes cost_r = 0.14%/2% = 0.07 R independent of the timeframe. A 5m version of the same setup should therefore keep the same cost_r, produce roughly three times the signals, and shrink the confidence interval by about sqrt(3) without needing a better edge. Every lookback is scaled by 3x (Donchian 48->144, ADX 14->42, ATR 14->42, HTF 50->150, cooldown 4->12) so that every indicator covers the same span of TIME and the only variable that changes is how finely the market is sampled.",recipe,5,12,12,0.0,"{""atr_n"": 42, ""cooldown_bars"": 12, ""direction"": ""short"", ""filters"": [{""mult"": 4, ""n"": 150, ""type"": ""htf_trend""}, {""min"": 20, ""n"": 42, ""type"": ""adx_min""}], ""max_hold_hours"": 12, ""stop"": {""max_atr"": 24.0, ""min_atr"": 0.5, ""pct"": 0.02, ""type"": ""pct""}, ""tp"": {""type"": ""none""}, ""trail_at"": 1.5, ""trail_atr"": 3.5, ""triggers"": [{""n"": 144, ""type"": ""donchian_break""}]}","{""entry_mode"": ""taker""}",362,-0.0524117234330313,0.0178682249044092,0.0702799483374406,0.3348045155966025,197,-0.1101862234177654,-0.2286447233699563,0.0170164356236811,0.0431,-0.03723700280057,0.0729492206171953,0.3705583756345177,0.7018025829187794,-0.1020424971850426,0.1994937943179433,9.965736040609135,0,197,0.3096446700507614,0.0,0.6903553299492385,1.0,0,"{""2023"": [-0.0694, 96], ""2024"": [-0.1489, 101]}",-0.1556051898532823,REJECT,train_mean_r>0;valid_mean_r>0;valid_ci_lo>0;stress_mean_r>0,,native,recipe|5m|donchian_break|adx_min+htf_trend|short,,2020-01|2023-01|2025-01|2026-08
70fb497bcf,2026-09-29 00:10 UTC,BTCUSDT,ideas/010_short_breakout_post_only.json,010_short_breakout_post_only,"Exp 008/010 measured that a post-only entry cuts the round trip from 0.14% to 0.09% of price because a stop-loss never receives a maker fill, only the entry does - a measured 1.55x, not an assumption. Idea 007's short-only breakout pays cost_r 0.086 against a gross edge of +0.156, so execution is 55% of its gross edge and the single largest remaining item on the ledger. This idea holds the signal, stop, direction and exit fixed at idea 007's train-selected values and changes only HOW the entry is filled, gridding the limit offset. The cost is a lower fill rate: a post-only limit is only filled when price comes back to the level, which is adverse selection, and the net effect must be measured rather than assumed.",recipe,15,8,8,0.0,"{""atr_n"": 14, ""cooldown_bars"": 4, ""direction"": ""short"", ""filters"": [{""mult"": 4, ""n"": 50, ""type"": ""htf_trend""}, {""min"": 20, ""n"": 14, ""type"": ""adx_min""}], ""max_hold_hours"": 8, ""stop"": {""max_atr"": 8.0, ""min_atr"": 1.5, ""pct"": 0.02, ""type"": ""pct""}, ""tp"": {""type"": ""none""}, ""trail_at"": 1.5, ""trail_atr"": 2.5, ""triggers"": [{""n"": 48, ""type"": ""donchian_break""}]}","{""entry_fill_ratio"": 1.0, ""entry_mode"": ""post_only"", ""entry_offset_atr"": 0.3}",563,-0.1234511256668018,-0.0675979663367309,0.0558531593300709,0.5291802493325797,339,-0.1199688067631745,-0.2062281326810499,-0.0270343692738016,0.0066,-0.0575038885360802,0.0624649182270943,0.336283185840708,0.6428913570363617,-0.1764548504199337,0.3242271442277499,7.249262536873156,0,339,0.2064896755162241,0.0,0.7935103244837758,0.8033175355450237,0,"{""2023"": [-0.1336, 154], ""2024"": [-0.1086, 185]}",-0.1455309033824335,REJECT,train_mean_r>0;valid_mean_r>0;valid_ci_lo>0;stress_mean_r>0;valid_max_dd<=20%,,native,recipe|15m|donchian_break|adx_min+htf_trend|short,,2020-01|2023-01|2025-01|2026-08
29b6b39400,2026-09-29 00:10 UTC,BTCUSDT,ideas/011_short_breakout_wider_stop.json,011_short_breakout_wider_stop,"In every run of the post-only short breakout (ideas 007, 008, 010) the grid selection landed on stop.pct = 0.02, which was the WIDEST value offered - the optimum is sitting on the edge of the grid, not inside it. That is a diagnosable condition, not a reason to keep tuning: if cost_r = round_trip_cost / stop_pct is the mechanism, the selection must keep moving outward until gross_r starts falling faster than cost_r does. This idea extends the grid outward to 3.0% and adds a fourth level so the optimum can be found rather than pinned at the boundary, and keeps the post-only execution of idea 010 because the mechanism being tested is the same one in both regimes. Prediction if the mechanism is right: cost_r falls monotonically with pct and mean R peaks at an interior value instead of at the last one.",recipe,15,8,8,0.0,"{""atr_n"": 14, ""cooldown_bars"": 4, ""direction"": ""short"", ""filters"": [{""mult"": 4, ""n"": 50, ""type"": ""htf_trend""}, {""min"": 20, ""n"": 14, ""type"": ""adx_min""}], ""max_hold_hours"": 6, ""stop"": {""max_atr"": 8.0, ""min_atr"": 1.5, ""pct"": 0.04, ""type"": ""pct""}, ""tp"": {""type"": ""none""}, ""trail_at"": 1.5, ""trail_atr"": 2.5, ""triggers"": [{""n"": 48, ""type"": ""donchian_break""}]}","{""entry_fill_ratio"": 1.0, ""entry_mode"": ""post_only"", ""entry_offset_atr"": 0.1}",656,-0.0749784897176788,-0.0409946101686019,0.0339838795490768,0.4034874770917684,395,-0.0859626086130499,-0.1338640743390553,-0.0381502201674691,0.0004,-0.0388054109486522,0.0471571976643976,0.3924050632911392,0.6122069324108461,-0.140060505174796,0.270418331241716,5.881012658227848,0,395,0.0632911392405063,0.0,0.9367088607594936,0.9186046511627908,0,"{""2023"": [-0.1133, 177], ""2024"": [-0.0638, 218]}",-0.1052601311766655,REJECT,train_mean_r>0;valid_mean_r>0;valid_ci_lo>0;stress_mean_r>0;valid_max_dd<=20%,,native,recipe|15m|donchian_break|adx_min+htf_trend|short,,2020-01|2023-01|2025-01|2026-08
72454823e9,2026-09-29 00:10 UTC,BTCUSDT,ideas/012_short_breakout_taker_flow.json,012_short_breakout_taker_flow,"Idea 010's short breakout wins 64% of its trades with 82% of them closed by the clock rather than by the stop or the trail, which means its edge has not yet been explained: it could be drift, or it could be a real distribution imbalance that the Donchian break only marks. The taker buy ratio measures which side is crossing the spread aggressively, and it is the one piece of order-flow information available in the raw klines. A downward break that aggressive sellers are driving should continue, because the counterparty is the resting bid that will be pulled; a downward break on buyer aggression is a pullback that should fail. Requiring taker_flow to agree with the short side therefore tests whether the edge is order flow or merely direction, and if it is order flow the surviving trades should be better, not just fewer.",recipe,15,8,6,0.0,"{""atr_n"": 14, ""cooldown_bars"": 4, ""direction"": ""short"", ""filters"": [{""mult"": 4, ""n"": 50, ""type"": ""htf_trend""}, {""min"": 20, ""n"": 14, ""type"": ""adx_min""}, {""n"": 20, ""thresh"": 0.52, ""type"": ""taker_flow""}], ""max_hold_hours"": 8, ""stop"": {""max_atr"": 8.0, ""min_atr"": 1.5, ""pct"": 0.02, ""type"": ""pct""}, ""tp"": {""type"": ""none""}, ""trail_at"": 1.5, ""trail_atr"": 2.5, ""triggers"": [{""n"": 48, ""type"": ""donchian_break""}]}","{""entry_fill_ratio"": 1.0, ""entry_mode"": ""post_only"", ""entry_offset_atr"": 0.1}",249,-0.0493866486067808,0.0070910383969497,0.0564776870037306,0.2073439244715326,166,-0.1262010432676347,-0.2443171710784781,-0.0005380236601377,0.0243,-0.0626409362558283,0.0635601070118064,0.3554216867469879,0.6478853518575689,-0.0961577207270207,0.1907687300817109,7.253012048192771,0,166,0.2228915662650602,0.0,0.7771084337349398,0.9431818181818182,0,"{""2023"": [-0.088, 74], ""2024"": [-0.1569, 92]}",-0.1522115753371699,REJECT,train_mean_r>0;valid_mean_r>0;valid_ci_lo>0;stress_mean_r>0,,native,recipe|15m|donchian_break|adx_min+htf_trend+taker_flow|short,,2020-01|2023-01|2025-01|2026-08
7bcd1ac0d7,2026-09-29 00:10 UTC,BTCUSDT,ideas/013_squeeze_expansion_pct_stop.json,013_squeeze_expansion_pct_stop,"Idea 004 measured the largest gross edge found anywhere in this project - +0.275 R on train and +0.269 R on valid, roughly double every other entry tested - and still returned REJECT, because it also measured the largest cost: cost_r 0.205. The diagnosis is mechanical. A squeeze filter deliberately selects the calmest periods in the sample, so ATR is at its minimum exactly when the trade is taken, and a 3.0x ATR stop placed there is only ~0.7% of price. That narrow stop both doubles cost_r and stops out 71% of the trades, while the ATR stop that behaves well in idea 010 (calmer ATR, 18% stop-outs) is unusable here. A percentage-of-price stop is regime-independent by construction, so it should keep cost_r near 0.07 and let the expansion trade run past the noise that a volatility-scaled stop cannot distinguish from a real reversal. The squeeze edge is the most valuable thing measured so far; this idea tests whether it was ever affordable.",recipe,15,12,12,0.0,"{""atr_n"": 14, ""cooldown_bars"": 4, ""direction"": ""both"", ""filters"": [{""lookback"": 500, ""n"": 20, ""q"": 0.2, ""type"": ""squeeze""}, {""fast"": 14, ""hi"": 99, ""lo"": 0.7, ""slow"": 100, ""type"": ""vol_regime""}, {""mult"": 4, ""n"": 50, ""type"": ""htf_trend""}], ""max_hold_hours"": 12, ""stop"": {""max_atr"": 8.0, ""min_atr"": 1.5, ""pct"": 0.015, ""type"": ""pct""}, ""tp"": {""type"": ""none""}, ""trail_at"": 1.5, ""trail_atr"": 3.0, ""triggers"": [{""n"": 48, ""type"": ""donchian_break""}]}","{""entry_fill_ratio"": 1.0, ""entry_mode"": ""post_only"", ""entry_offset_atr"": 0.0}",434,-0.0020091038320897,0.0719731759509865,0.0739822797830763,0.3393822187879197,187,-0.0912205148704516,-0.234040456495931,0.0614622434495899,0.1137,-0.0125987341477707,0.0786217807226809,0.374331550802139,0.7788734202023917,-0.0835741170909362,0.1695519309399513,9.487967914438505,118,69,0.3796791443850267,0.0,0.6203208556149733,0.9842105263157894,0,"{""2023"": [-0.1858, 78], ""2024"": [-0.0235, 109]}",-0.1233897148356718,REJECT,train_mean_r>0;valid_mean_r>0;valid_ci_lo>0;stress_mean_r>0,,native,recipe|15m|donchian_break|htf_trend+squeeze+vol_regime|both,,2020-01|2023-01|2025-01|2026-08
942d22a978,2026-09-29 00:10 UTC,BTCUSDT,ideas/014_short_breakout_funding_crowding.json,014_short_breakout_funding_crowding,"Idea 010's short breakout wins 64% of its trades and we still cannot say why, which means we cannot tell whether it will survive the next regime. There is one mechanism that would make SHORT breakouts specifically work rather than breakouts in general: crowding. A leveraged long crowd pays funding, so it is structurally short of patience; when price makes a new 12-hour low that crowd is liquidated and its forced selling is what extends the move. Under that mechanism the edge must be concentrated where longs are the crowded side - positive funding - and must disappear when funding is negative and the crowd is already short. This idea therefore blocks the short side when funding is extreme on the short side, which is the only condition under which the crowding story predicts the trade should NOT be taken. If mean R rises materially, the edge has a reason and a defined population; if it is unchanged, idea 010 is unexplained drift and should not be trusted.",recipe,15,8,8,0.0,"{""atr_n"": 14, ""cooldown_bars"": 4, ""direction"": ""short"", ""filters"": [{""mult"": 4, ""n"": 50, ""type"": ""htf_trend""}, {""min"": 20, ""n"": 14, ""type"": ""adx_min""}, {""thresh"": 0.0002, ""type"": ""funding_not_crowded""}], ""max_hold_hours"": 8, ""stop"": {""max_atr"": 8.0, ""min_atr"": 1.5, ""pct"": 0.015, ""type"": ""pct""}, ""tp"": {""type"": ""none""}, ""trail_at"": 1.5, ""trail_atr"": 2.5, ""triggers"": [{""n"": 48, ""type"": ""donchian_break""}]}","{""entry_fill_ratio"": 1.0, ""entry_mode"": ""post_only"", ""entry_offset_atr"": 0.1}",639,-0.153176894214371,-0.0815138286786749,0.071663065535696,0.631129311792165,380,-0.1602307295134115,-0.2551911976908427,-0.0615517101925281,0.0015,-0.0824620828538271,0.0777686466595844,0.3447368421052632,0.6045025742216156,-0.2608120984604154,0.4639925505381529,6.657236842105263,0,380,0.3157894736842105,0.0,0.6842105263157895,0.9200968523002422,0,"{""2023"": [-0.18, 172], ""2024"": [-0.1439, 208]}",-0.1920561551336841,REJECT,train_mean_r>0;valid_mean_r>0;valid_ci_lo>0;stress_mean_r>0;valid_max_dd<=20%,,native,recipe|15m|donchian_break|adx_min+funding_not_crowded+htf_trend|short,,2020-01|2023-01|2025-01|2026-08
785b9ba3b1,2026-09-29 00:10 UTC,BTCUSDT,ideas/015_short_supertrend_robustness.json,015_short_supertrend_robustness,"Two ideas in a row (012 taker_flow, 014 funding crowding) returned results identical to idea 010 to the last decimal, because the train selection chose filter thresholds so loose that they blocked nothing. That pattern is itself the finding: the edge does not live in any filter, it lives in being short while the higher-timeframe trend is down. If that is true, it should not depend on HOW the short entry is detected. Supertrend is a completely different mechanism from a Donchian channel - it is an ATR trailing stop that flips, not a price channel that breaks - so it shares no parameter with idea 010 except direction, trend filter and stop width. If it reproduces the same mean R, the effect is a property of shorting BTC in a downtrend and is as likely to appear in a different sample as this one. If it returns nothing, then idea 010 is one narrow pattern measured 219 times, and a mean R of +0.085 on 219 trades is exactly the kind of number that a holdout exists to destroy.",recipe,15,8,8,0.625,"{""atr_n"": 14, ""cooldown_bars"": 4, ""direction"": ""short"", ""filters"": [{""mult"": 4, ""n"": 50, ""type"": ""htf_trend""}, {""min"": 22, ""n"": 14, ""type"": ""adx_min""}], ""max_hold_hours"": 8, ""stop"": {""max_atr"": 8.0, ""min_atr"": 1.5, ""pct"": 0.02, ""type"": ""pct""}, ""tp"": {""type"": ""none""}, ""trail_at"": 1.5, ""trail_atr"": 2.5, ""triggers"": [{""mult"": 2.0, ""n"": 10, ""type"": ""supertrend_flip""}]}","{""entry_fill_ratio"": 1.0, ""entry_mode"": ""post_only"", ""entry_offset_atr"": 0.1}",326,0.0406724031105032,0.0969456049662354,0.0562732018557321,0.149936767199407,227,-0.1201685359023592,-0.2206076129088281,-0.0127003018672883,0.0153,-0.0537643915630422,0.066404144339317,0.3303964757709251,0.6311155928885822,-0.1286087010684307,0.2415332535323551,7.342511013215859,0,227,0.1938325991189427,0.0,0.8061674008810573,0.9116465863453816,0,"{""2023"": [-0.0991, 122], ""2024"": [-0.1447, 105]}",-0.1473421841308725,REJECT,valid_mean_r>0;valid_ci_lo>0;stress_mean_r>0;valid_max_dd<=20%,,native,recipe|15m|supertrend_flip|adx_min+htf_trend|short,,2020-01|2023-01|2025-01|2026-08
dc08ab8828,2026-09-29 00:10 UTC,BTCUSDT,ideas/016_long_mean_reversion_pct_stop.json,016_long_mean_reversion_pct_stop,"Every long-side idea in this project has been a continuation idea, and every continuation idea has lost; every idea that showed gross_r worth having was short. The untested corner is the opposite trade: after BTC has been pushed away from its own recent mean, does it come back? The counterparty is specific and identifiable - the traders who bought the extension are underwater, and a bounce is the price at which they can exit without admitting the loss, so their selling caps the bounce and the move reverts. Crucially this is the one idea where a percentage-of-price stop makes sense on its own terms rather than as a cost hack: a reversion has a known destination (the mean), so the stop is placed below the stretch, not at a volatility multiple. The old range-reversion example failed on train, but it used a swing stop clamped to 3 ATR minimum, so its risk was never controlled. This tests the only long-side mechanism left, with the cost side fixed.",recipe,15,8,4,0.0,"{""atr_n"": 14, ""cooldown_bars"": 8, ""direction"": ""long"", ""filters"": [{""max"": 28, ""n"": 14, ""type"": ""adx_max""}], ""max_hold_hours"": 12, ""stop"": {""max_atr"": 8.0, ""min_atr"": 1.5, ""pct"": 0.012, ""type"": ""pct""}, ""tp"": {""r"": 2.0, ""type"": ""r""}, ""triggers"": [{""n"": 96, ""type"": ""zscore_revert"", ""z"": 2.5}]}","{""entry_fill_ratio"": 1.0, ""entry_mode"": ""post_only"", ""entry_offset_atr"": 0.1}",129,-0.0656977326800977,0.0199449787910547,0.0856427114711525,0.1493470326576538,85,-0.1463687573743225,-0.3405299977336747,0.0623286167336154,0.0842,-0.0525683478023426,0.0938004095719799,0.4823529411764706,0.7052562730658561,-0.0582307283369949,0.1414108981986315,7.923529411764706,85,0,0.4235294117647059,0.0705882352941176,0.5058823529411764,0.8585858585858586,0,"{""2023"": [-0.0499, 34], ""2024"": [-0.2107, 51]}",-0.184731374761676,REJECT,valid_trades>=100;train_mean_r>0;valid_mean_r>0;valid_ci_lo>0;stress_mean_r>0,,native,recipe|15m|zscore_revert|adx_max|long,,2020-01|2023-01|2025-01|2026-08
c89e3474cc,2026-09-29 00:10 UTC,BTCUSDT,ideas/example_range_reversion.json,example_range_reversion,"When ADX is low (no trend) and price is stretched outside its Bollinger band, it tends to snap back toward the mean within a few hours, especially when the stretch was not driven by aggressive one-sided taker flow.",recipe,15,12,6,1.0,"{""be_at"": 0, ""confirm_bars"": 3, ""cooldown_bars"": 2, ""filters"": [{""max"": 25, ""n"": 14, ""type"": ""adx_max""}], ""max_hold_hours"": 4, ""stop"": {""buffer_atr"": 0.3, ""max_atr"": 5.0, ""min_atr"": 1.5, ""n"": 12, ""type"": ""swing""}, ""tp"": {""r"": 1.5, ""type"": ""r""}, ""trigger_mode"": ""all"", ""triggers"": [{""k"": 2.2, ""n"": 40, ""type"": ""bb_revert""}, {""hi"": 70, ""lo"": 30, ""n"": 14, ""type"": ""rsi_revert""}]}","{""entry_fill_ratio"": 1.0, ""entry_mode"": ""post_only"", ""entry_offset_atr"": 0.15}",210,0.0918447950625181,0.222348014685843,0.1305032196233248,0.0624018703090006,131,-0.1502635800336438,-0.3235291934895519,0.0251358019769847,0.0479,0.0405221870211667,0.1907857670548105,0.4274809160305343,0.7172555039414169,-0.0932752200167715,0.1997449888306021,2.6583969465648853,53,78,0.4045801526717557,0.2290076335877862,0.366412213740458,0.8136645962732919,0,"{""2023"": [-0.1559, 69], ""2024"": [-0.144, 62]}",-0.2283136591052603,REJECT,valid_mean_r>0;valid_ci_lo>0;stress_mean_r>0,,native,recipe|15m|bb_revert+rsi_revert|adx_max|both,,2020-01|2023-01|2025-01|2026-08
bd648a5e36,2026-09-29 00:10 UTC,BTCUSDT,ideas/example_trend_breakout.json,example_trend_breakout,"Donchian breakouts taken only in the direction of the higher-timeframe trend and only when ADX says the market is trending follow through; a wide ATR stop keeps cost_r low, and a break-even move plus ATR trail protects open profit.",recipe,15,16,16,0.0,"{""be_at"": 0, ""cooldown_bars"": 4, ""direction"": ""both"", ""filters"": [{""mult"": 4, ""n"": 50, ""type"": ""htf_trend""}, {""min"": 25, ""n"": 14, ""type"": ""adx_min""}], ""max_hold_hours"": 8, ""stop"": {""mult"": 4.0, ""type"": ""atr""}, ""tp"": {""r"": 2.0, ""type"": ""r""}, ""trail_at"": 1.5, ""trail_atr"": 2.5, ""triggers"": [{""n"": 48, ""type"": ""donchian_break""}]}",{},1066,-0.049077033521458174,0.025645925490220517,0.07472295901167869,0.46000787787644215,678,-0.04247433331440191,-0.11664063895695667,0.03186858443630202,0.1266,0.07056052036016613,0.11303485367456803,0.39823008849557523,0.8975030354425599,-0.13408936174223107,0.30716739867072496,6.513274336283186,359,319,0.2669616519174041,0.13274336283185842,0.6002949852507374,1.0,0,"{""2023"": [-0.0448, 316], ""2024"": [-0.0405, 362]}",-0.09924378932586034,REJECT,train_mean_r>0;valid_mean_r>0;valid_ci_lo>0;stress_mean_r>0;valid_max_dd<=20%,,native,recipe|15m|donchian_break|adx_min+htf_trend|both,,2020-01|2023-01|2025-01|2026-08
