strategy,tf,tag,fast,slow,stop_mult,tp_mult,max_hold,bars,trades,net_return,cagr,sharpe,sortino,max_dd,calmar,win_rate,profit_factor,expectancy_r,avg_r,best_r,worst_r,avg_bars,total_fees,total_funding,fees_pct_equity,exposure,final_equity,long_trades,short_trades,long_pnl,short_pnl,stop_rate,tp_rate,time_rate,max_dd_days,n,n_z,k
ema_trend,5,baseline_full,20.0,50.0,2.0,4.0,36,701214,1498,-0.9909146361989188,-0.5059727422117787,-0.4702123634890389,-0.1169157574279426,0.990917587471877,0.0,0.3831775700934579,0.8156417499607702,-0.2241796561387684,-0.2241796561387684,1.980545896745548,-2.170868511590041,17.17890520694259,102.4392141803332,0.0,1.0243921418033322,0.0388355052808415,0.908536380108113,1405,93,-47.79849228106501,-0.0787695083268373,0.5607476635514018,0.2222963951935914,0.2169559412550066,2434.7256944444443,,,
ema_trend,15,baseline_full,20.0,50.0,2.0,4.0,36,233744,1632,-0.9551848473537748,-0.3723567440996811,-0.3089823437849893,-0.1385310615277927,0.9577525084771152,0.0,0.3952205882352941,0.8520652545413094,-0.1190321422049029,-0.1190321422049029,1.975832496702116,-2.24534715532879,16.45281862745098,86.98815467080446,0.0,0.8698815467080446,0.1218555342597029,4.481515264622513,1543,89,-48.74052747263031,-3.285669052613262,0.5526960784313726,0.2555147058823529,0.1917892156862745,2420.96875,,,
ema_trend,5,baseline_full,9.0,21.0,1.5,2.5,24,701214,1264,-0.9910211537406438,-0.5068459063720022,-0.4365103174600948,-0.0757506741423577,0.9912021978052298,0.0,0.4145569620253164,0.6975566215321733,-0.2454187131457062,-0.2454187131457062,1.6452934504796837,-1.983095412035959,9.18117088607595,93.52549717104836,0.0,0.9352549717104836,0.0183524573097513,0.8978846259356186,1099,165,-52.44745777296073,0.1061846719933987,0.5735759493670886,0.303006329113924,0.1234177215189873,2434.847222222222,,,
ema_trend,15,baseline_full,9.0,21.0,1.5,2.5,24,233744,1451,-0.9789460943603489,-0.4395990989143807,-0.4029784052776313,-0.1356784918588004,0.979193032087982,0.0,0.4155754651964162,0.8099439993595623,-0.1835631326683384,-0.1835631326683384,1.6539192433510768,-2.1863707618752417,10.232253618194347,84.88070655735167,0.0,0.8488070655735167,0.0697258539256622,2.105390563965112,1266,185,-55.3841051255258,-0.0701414317280865,0.5541006202618883,0.2949689869055824,0.1509303928325293,2434.71875,,,
donchian_breakout,5,baseline_full,,,2.0,3.0,48,701214,1499,-0.9687144566195354,-0.4052954879550935,-0.2956572780214578,-0.056278679199343,0.9687144566195354,0.0,0.4716477651767845,0.8105176616304889,-0.1479420600709793,-0.1479420600709793,1.472516361899508,-1.725985904815537,10.345563709139428,90.86315498381964,0.0,0.9086315498381964,0.0242536515243563,3.1285543380464684,870,629,-44.898394651853934,-6.540779931108654,0.5930620413609072,0.3655770513675784,0.0413609072715143,2434.34375,60.0,,
donchian_breakout,15,baseline_full,,,2.0,3.0,48,233744,2292,-0.7254108475062795,-0.1762372561642268,-0.0850563706895162,-0.0369459395589198,0.7484464676089956,0.0,0.5143979057591623,0.98521697801257,0.0036261414623529,0.0036261414623529,1.4786750847288244,-1.5799563607415583,12.107329842931938,126.4915990378471,0.0,1.264915990378471,0.1285252241768772,27.458915249372048,1294,998,-8.338798963351747,-0.971146168734479,0.5532286212914486,0.3869982547993019,0.0597731239092495,2421.34375,60.0,,
donchian_breakout,5,baseline_full,,,1.5,2.0,24,701214,1397,-0.9868536493308347,-0.4778198249316674,-0.4011630173922313,-0.0566125929718769,0.9868536493308347,0.0,0.4867573371510379,0.7461163630119434,-0.1815590012108104,-0.1815590012108104,1.2447559802659944,-1.6649715746903748,4.686471009305655,99.58256551374843,0.0,0.9958256551374844,0.0113289238378012,1.314635066916522,778,619,-55.09790924207832,6.202918190900867,0.6098783106657122,0.3586256263421618,0.0314960629921259,2434.875,24.0,,
donchian_breakout,15,baseline_full,,,1.5,2.0,24,233744,1276,-0.9436013540685272,-0.3503349550721895,-0.3060859683505616,-0.07519405405013,0.9445817531261964,0.0,0.4608150470219436,0.7700541104501945,-0.1555704993096599,-0.1555704993096599,1.3028750887710343,-1.4603945264625156,5.181818181818182,69.1978272604187,0.0,0.6919782726041871,0.0337463207611746,5.639864593147286,742,534,-52.249898801134776,-7.505764189298113,0.5697492163009404,0.3863636363636363,0.0438871473354232,2433.84375,24.0,,
vwap_reversion,5,baseline_full,,,2.0,2.0,36,701214,2009,-0.9910492048488526,-0.5070773159740878,-0.382553203535332,-0.0819861209455181,0.9911266509578176,0.0,0.5052264808362369,0.8297834846239353,-0.1215796376107808,-0.1215796376107808,0.9941525512553112,-1.8857524660920115,8.908909905425585,117.97775626295692,0.0,1.1797775626295692,0.0283893362083472,0.8950795151147374,975,1034,-49.43748990881341,9.317366470100003,0.5395719263315082,0.4225983076157292,0.0378297660527625,2434.677083333333,,2.0,
vwap_reversion,15,baseline_full,,,2.0,2.0,36,233744,3111,-0.9478427264337894,-0.3579092564668457,-0.2055138698846129,-0.0895266130056318,0.954926324419354,0.0,0.5255544840887174,1.0057343969342367,-0.0220569238132768,-0.0220569238132768,0.9966719767900162,-2.57310241961614,8.607521697203472,197.22935392442,0.0,1.9722935392442,0.1278706619207338,5.215727356621053,1364,1747,-85.12921825097351,88.9355342705714,0.5271616843458695,0.4278367084538733,0.0450016072002571,2300.5416666666665,,2.0,
bb_reversion,5,baseline_full,,,1.8,1.6,24,701214,1684,-0.9764092535499272,-0.4299526850732725,-0.3997888758911959,-0.054625792895482,0.9764967626873874,0.0,0.5148456057007126,0.8612383248845038,-0.1029164556483175,-0.1029164556483175,0.9871175872573688,-2.484499301501487,4.042755344418052,123.17119309884548,0.0,1.231711930988455,0.0121104256332588,2.35907464500727,744,940,-50.09407141319832,14.033255693685533,0.498812351543943,0.4679334916864608,0.0332541567695962,2434.6701388888887,48.0,,2.2
bb_reversion,15,baseline_full,,,1.8,1.6,24,233744,2496,-0.8347347444926675,-0.2366446877541425,-0.16667228169145615,-0.05449231258199564,0.8692413820945083,0.0,0.5256410256410257,0.999964468697969,-0.01020772498307981,-0.01020772498307981,0.9900491395586947,-1.70202774596892,5.137820512820513,166.94652919959051,0.0,1.6694652919959052,0.06554178930796084,16.526525550733247,1112,1384,-97.7792670917772,97.75957907858631,0.5256410256410257,0.422275641025641,0.052083333333333336,2281.9479166666665,48.0,,2.2
