trades,mean_R,ci_lo,ci_hi,p_gt_0,win_rate,gross_r,cost_r,end,cagr,max_dd,years,fill_rate,signals,stop_scale,mode,entry_mode,offset,fill_ratio,tf
567,-0.03092741331028339,-0.09337496922694671,0.03187568772542219,0.1634,0.47266313932980597,0.05679679874241159,0.087724212052695,85.23230421250867,-0.03488577309445662,0.24674618038861384,4.5,1.0,0,2.0,taker,taker,0.0,1.0,15
577,-0.021253246141265673,-0.08335797036089812,0.039652793934669854,0.24675,0.4783362218370884,0.047293668217665646,0.06854691435893132,89.5210015490996,-0.024299221206212862,0.19534977167490108,4.5,0.9941873463000224,4473,2.0,po 0.00,post_only,0.0,1.0,15
587,0.00015523261480795302,-0.061127049839253586,0.06130789190813259,0.50505,0.4804088586030664,0.06924400701563409,0.06908877440082613,99.76335781200632,-0.0005263561551555052,0.12648427749143043,4.5,0.7688625484385685,4387,2.0,po 0.15,post_only,0.15,1.0,15
511,-0.019479457378344767,-0.08465792760257759,0.04677765146478802,0.27895,0.487279843444227,0.04958555274289869,0.06906501012124346,91.06543560006305,-0.020583401562561,0.15392884703569853,4.5,0.569858380891989,4731,2.0,po 0.30,post_only,0.3,1.0,15
490,0.02142101889315065,-0.045905528389172404,0.08848235702545432,0.73465,0.5,0.0918838482526986,0.07046282935954797,107.62245386621603,0.01645821720497498,0.0480397317829252,4.5,0.3631408962454582,4954,2.0,po 0.50,post_only,0.5,1.0,15
223,-0.0007829769277957961,-0.10266768547545584,0.10096207661870399,0.49855,0.48878923766816146,0.08253216409684898,0.0833151410246448,99.9106296378145,-0.0001986698654240504,0.05765514668469951,4.5,0.5662742699892983,6541,2.0,po 0.30 q50%,post_only,0.3,0.5,15
199,-0.022370355114449368,-0.13123168531007628,0.08749885999344534,0.3465,0.46733668341708545,0.062030587356859096,0.08440094247130846,98.47404727221078,-0.003411313093172441,0.04790573731890324,4.5,0.3603910531773071,6751,2.0,po 0.50 q50%,post_only,0.5,0.5,15
280,-0.01472715405970938,-0.08403064251989521,0.05558562263838122,0.34165,0.4607142857142857,0.04995236706202971,0.06467952112173911,95.8923511586502,-0.009277576523775033,0.07002965839802155,4.5,1.0,0,3.5,taker,taker,0.0,1.0,15
281,-0.009062653739885919,-0.07788461451442168,0.060871097326788796,0.40475,0.4626334519572954,0.04183627671318269,0.050898930453068605,97.28251287371896,-0.0061037265033759835,0.05945547512975724,4.5,0.9938797232570517,3758,3.5,po 0.00,post_only,0.0,1.0,15
261,-0.005218347125653301,-0.07523315006044157,0.06572425022860894,0.44695,0.4482758620689655,0.04581517942597873,0.05103352655163202,98.70655363838044,-0.00288889512720647,0.05816127777547708,4.5,0.7593123209169055,3839,3.5,po 0.15,post_only,0.15,1.0,15
233,-0.006776834591886939,-0.0837239300786618,0.07019054476196432,0.43315,0.463519313304721,0.04559157208452985,0.05236840667641679,98.88520030674998,-0.0024881442166850842,0.056516421285777274,4.5,0.5659520807061791,3965,3.5,po 0.30,post_only,0.3,1.0,15
203,-0.020967625569846902,-0.10296147262054484,0.06039110474942513,0.3109,0.46798029556650245,0.03311502475153575,0.05408265032138263,95.96596171050682,-0.009108623496806856,0.058967704764899875,4.5,0.36437908496732024,4284,3.5,po 0.50,post_only,0.5,1.0,15
62,-0.0007842893587349081,-0.1668184625396588,0.16494906281641922,0.4931,0.4838709677419355,0.08630048012843838,0.08708476948717332,100.05073520644144,0.00011272266491579863,0.010256766233677106,4.5,0.5631445806577156,5139,3.5,po 0.30 q50%,post_only,0.3,0.5,15
58,-0.06572223510029183,-0.2274983336828436,0.09644642579296474,0.21665,0.41379310344827586,0.022387851564657675,0.08811008666494952,98.25887851631643,-0.003895630653918958,0.01741121483683572,4.5,0.3623411628802464,5194,3.5,po 0.50 q50%,post_only,0.5,0.5,15
150,-0.009354577252589742,-0.08912192559810925,0.07127022690198914,0.40645,0.38666666666666666,0.04511932370637678,0.05447390095896654,99.6842581903877,-0.0007025116248466912,0.02779053594644909,4.5,1.0,0,5.0,taker,taker,0.0,1.0,15
152,-0.0028129564464809465,-0.08209620779359782,0.08036373540861508,0.47405,0.3815789473684211,0.04011621791432017,0.042929174360801126,100.42341335895249,0.0009393731278990458,0.022379835415466398,4.5,0.9937210839391937,3026,5.0,po 0.00,post_only,0.0,1.0,15
145,0.004058318366761963,-0.07790646543831074,0.08723705858084335,0.5356,0.3931034482758621,0.04745792249931109,0.04339960413254911,100.78197861240058,0.0017324701193739411,0.024335717334672435,4.5,0.7611891538712839,3061,5.0,po 0.15,post_only,0.15,1.0,15
137,0.007952063213406546,-0.07556402236228756,0.09301132784801104,0.57405,0.38686131386861317,0.051147745182936806,0.04319568196953026,101.45334871301331,0.003211565672199379,0.015890947159166835,4.5,0.570096463022508,3110,5.0,po 0.30,post_only,0.3,1.0,15
112,-0.029786190580693244,-0.11845586770728848,0.06179402793132552,0.2561,0.3482142857142857,0.014872933682412747,0.04465912426310598,97.33671108453564,-0.005980703975843049,0.02663288915464368,4.5,0.36548536209553156,3245,5.0,po 0.50,post_only,0.5,1.0,15
41,0.09390522979811715,-0.06881557273944175,0.2569768653357566,0.8731,0.4878048780487805,0.159579097675614,0.0656738678774969,101.15988692078531,0.0025659793903984873,0.006178044285535922,4.5,0.5678745267712277,3698,5.0,po 0.30 q50%,post_only,0.3,0.5,15
38,0.065507304241365,-0.1155163703615693,0.24252480281425773,0.7657,0.42105263157894735,0.13288481528870277,0.06737751104733777,100.84730219729296,0.0018767204858345377,0.006967412965326658,4.5,0.3645359721850762,3739,5.0,po 0.50 q50%,post_only,0.5,0.5,15
