method,thr,tf,stop_scale,trades,mean_R,ci_lo,ci_hi,p_gt_0,win_rate,gross_r,cost_r,start,end,total_return,cagr,max_dd,years
reg,0.0,15,1.0,1043,-0.13839073388621118,-0.1945705927290348,-0.08130819935022414,0.0,0.46116970278044106,0.0008304687985080807,0.1392212026847193,100.0,27.54571878949843,-0.7245428121050157,-0.2491251124897198,0.7245428121050157,4.5
reg,0.05,15,1.0,959,-0.10603667958492904,-0.16470753661133483,-0.04768433168993645,0.0001,0.4880083420229406,0.03780637912736757,0.1438430587122966,100.0,42.25305089223612,-0.5774694910776388,-0.1742333303475465,0.5817149387273312,4.5
reg,0.1,15,1.0,767,-0.1293911060573015,-0.19612117817348815,-0.06301558394194179,5e-05,0.47196870925684486,0.019481881161308393,0.1488729872186099,100.0,43.21904541913044,-0.5678095458086956,-0.17007484784095805,0.5678095458086956,4.5
clf,0.0,15,1.0,1340,-0.11599811145524375,-0.1665435955183779,-0.06606648317853546,0.0,0.4835820895522388,0.037000026829835234,0.152998138285079,100.0,24.981519938333896,-0.750184800616661,-0.2652535031747255,0.750184800616661,4.5
clf,0.05,15,1.0,994,-0.1597145308640942,-0.21897650496847437,-0.10055840437475072,0.0,0.46277665995975853,0.0006055493225255124,0.1603200801866197,100.0,24.710301198064517,-0.7528969880193548,-0.2670336976483526,0.7528969880193548,4.5
clf,0.1,15,1.0,771,-0.15285475398196505,-0.21985593769945877,-0.08547675769632379,0.0,0.4695201037613489,0.021900937198592457,0.17475569118055756,100.0,36.68830095751762,-0.6331169904248238,-0.19974507509552453,0.6331169904248238,4.5
reg,0.0,15,2.0,883,-0.018235760633994565,-0.06604817381577346,0.030168546963670537,0.2324,0.4824462061155153,0.06706825781385836,0.08530401844785292,100.0,86.49350337925863,-0.1350649662074137,-0.031730324458790315,0.1826698221684272,4.5
reg,0.05,15,2.0,649,-0.06706844239453208,-0.12328292745894617,-0.010904644213199064,0.00905,0.4514637904468413,0.01794152246808033,0.08500996486261242,100.0,67.90958506568494,-0.3209041493431506,-0.08240434078660708,0.3317672492227024,4.5
reg,0.1,15,2.0,567,-0.03092741331028339,-0.09337496922694671,0.03187568772542219,0.1634,0.47266313932980597,0.05679679874241159,0.087724212052695,100.0,85.23230421250867,-0.1476769578749133,-0.03488577309445662,0.24674618038861384,4.5
clf,0.0,15,2.0,737,-0.060570611111136166,-0.11385889116407542,-0.00757934028083101,0.012,0.45725915875169604,0.026572855829757804,0.08714346694089398,100.0,69.77729735409383,-0.30222702645906163,-0.07685523799996286,0.330488076686532,4.5
clf,0.05,15,2.0,601,-0.02879535868246412,-0.0884711298763396,0.030989182010593752,0.173,0.4891846921797005,0.06121473682913597,0.0900100955116001,100.0,86.33894631210306,-0.1366105368789694,-0.03211508560410736,0.2039485411457952,4.5
clf,0.1,15,2.0,362,-0.051851205455682815,-0.13261765159181396,0.02948903798042899,0.10345,0.47790055248618785,0.04205954356600843,0.09391074902169125,100.0,84.80638150636115,-0.1519361849363885,-0.03595961028239003,0.18742496600872438,4.5
reg,0.0,15,3.5,449,-0.018608548103800897,-0.07158654246068927,0.03447390211391337,0.2421,0.43429844097995546,0.044601973073081294,0.0632105211768822,100.0,93.86960430439893,-0.06130395695601065,-0.013960207588966767,0.09828616350934216,4.5
reg,0.05,15,3.5,366,-0.01756525344248977,-0.07744227294788318,0.04367051188712692,0.2872,0.45901639344262296,0.046260466153937044,0.0638257195964268,100.0,95.51748809466127,-0.04482511905338726,-0.0101395411182299,0.07311749184727734,4.5
reg,0.1,15,3.5,280,-0.01472715405970938,-0.08403064251989521,0.05558562263838122,0.34165,0.4607142857142857,0.04995236706202971,0.06467952112173911,100.0,95.8923511586502,-0.04107648841349798,-0.009277576523775033,0.07002965839802155,4.5
clf,0.0,15,3.5,368,-0.019890273486872435,-0.0782033173794302,0.03745816888880092,0.2446,0.47554347826086957,0.03990257355097284,0.05979284703784527,100.0,94.78326991025257,-0.052167300897474345,-0.011835463330521101,0.10286118598726535,4.5
clf,0.05,15,3.5,246,-0.04782199697178401,-0.11853183025382466,0.023287665886295463,0.09435,0.4634146341463415,0.012462541482871054,0.060284538454655076,100.0,90.51781325561346,-0.09482186744386534,-0.02189530119884686,0.10693843066426723,4.5
clf,0.1,15,3.5,151,-0.0023035871121957078,-0.09082771675412439,0.0862991170720857,0.4814,0.47019867549668876,0.060935394433494376,0.06323898154569006,100.0,99.3821457099516,-0.00617854290048403,-0.001376320685975041,0.052883897647465816,4.5
reg,0.0,15,5.0,289,0.009426819800653666,-0.045564942555597766,0.06336620503985593,0.6281,0.4844290657439446,0.05987113449776689,0.050444314697113204,100.0,103.15690652355454,0.03156906523554537,0.006930798113641501,0.0438765746721409,4.5
reg,0.05,15,5.0,217,0.0014995874708654676,-0.06502006455409536,0.06729507184455441,0.5172,0.45161290322580644,0.054184090889268066,0.0526845034184026,100.0,101.72094162142196,0.017209416214219564,0.0037989782308878173,0.027070495655309945,4.5
reg,0.1,15,5.0,150,-0.009354577252589742,-0.08912192559810925,0.07127022690198914,0.40645,0.38666666666666666,0.04511932370637678,0.05447390095896654,100.0,99.6842581903877,-0.0031574180961230214,-0.0007025116248466912,0.02779053594644909,4.5
clf,0.0,15,5.0,181,-0.00040944133090677553,-0.06894439758088373,0.06918958847572433,0.49965,0.44751381215469616,0.04855117737870139,0.04896061870960817,100.0,100.38514202512619,0.003851420251261839,0.000854592182814029,0.0360974262148791,4.5
clf,0.05,15,5.0,130,0.013929541270969131,-0.06518161080481569,0.09403531010023042,0.63635,0.47692307692307695,0.061990995955680306,0.04806145468471117,100.0,101.95804335742405,0.01958043357424044,0.004318453995138194,0.03976451453849905,4.5
clf,0.1,15,5.0,72,0.05089572638754667,-0.06487366459857195,0.16746499876173704,0.8013,0.4583333333333333,0.10075516973393225,0.049859443346385604,100.0,104.09613849391667,0.04096138493916679,0.008960954378097075,0.02621630611877368,4.5
