fold,test_label,method,thr,tag,candidates,bars,trades,net_return,cagr,sharpe,sortino,max_dd,calmar,win_rate,profit_factor,expectancy_r,avg_r,best_r,worst_r,avg_bars,total_fees,total_funding,fees_pct_equity,exposure,final_equity,long_trades,short_trades,long_pnl,short_pnl,stop_rate,tp_rate,time_rate,max_dd_days,avg_cost_r,avg_gross_r,edge_r
1,2022-01..2022-06,reg,0.0,ml,3935,17373,396,-0.2718591740597389,-0.4728420888028253,-0.26906969157776145,-0.24453170379841915,0.292631839113596,0.0,0.47474747474747475,0.8046512855192384,-0.09891790706613691,-0.09891790706613691,0.9772973001761034,-1.1673307623366875,27.207070707070706,18.236856602564412,4.1282099999999996e-06,0.1823685660256441,0.6201577159960859,72.8140825940261,218,178,-10.327283570829591,-16.858633835144218,0.4090909090909091,0.4444444444444444,0.14393939393939395,0.0,0.09128550791697201,-0.007632399149164896,-0.09891790706613691
1,2022-01..2022-06,reg,0.05,ml,3042,17373,350,-0.20578733643465963,-0.37184723065681513,-0.21830049819489217,-0.1873826670664033,0.2780450525575482,0.0,0.4828571428571429,0.8377003657409827,-0.07748395118754521,-0.07748395118754521,0.9772973001761034,-1.1673307623366875,27.142857142857142,17.438027945415186,6.164400000000001e-06,0.17438027945415185,0.5468255338744028,79.42126635653403,213,137,-11.341215354944552,-9.23751828852151,0.4114285714285714,0.43142857142857144,0.15428571428571428,0.0,0.09276538275254231,0.015281431564997092,-0.07748395118754522
1,2022-01..2022-06,reg,0.1,ml,2262,17373,294,-0.0623451643813947,-0.12182562960203402,-0.054048798873016564,-0.047942747270534714,0.2091911001256508,0.0,0.48299319727891155,0.942645189442134,-0.0533796118494541,-0.0533796118494541,0.9792834177020979,-1.1613449030226053,28.772108843537413,16.21013393675475,9.366859999999997e-06,0.1621013393675475,0.4869049674782709,93.76548356186053,179,115,-14.783861723281861,8.5493452851422,0.4421768707482993,0.3877551020408163,0.16666666666666666,0.0,0.0932308286750237,0.0398512168255696,-0.053379611849454105
1,2022-01..2022-06,reg,0.2,ml,1159,17373,180,-0.17197511737584936,-0.3167090630103676,-0.24047247283703851,-0.1517441109881485,0.22163601816118028,0.0,0.45555555555555555,0.7562798105827254,-0.1326277793394124,-0.1326277793394124,0.9687300674403,-1.164131332200267,28.955555555555556,10.362584890705081,6.35304e-06,0.10362584890705082,0.3000057560582513,82.80248826241507,105,75,-9.320435331586369,-7.877076405998499,0.42777777777777776,0.42777777777777776,0.14444444444444443,0.0,0.10576680125003557,-0.026860978089376816,-0.1326277793394124
1,2022-01..2022-06,clf,0.0,ml,4828,17373,433,-0.3079538261911863,-0.5242475056694582,-0.3102923623361117,-0.29781446438970294,0.32012458686236545,0.0,0.47575057736720555,0.7885928410203498,-0.10916295934701772,-0.10916295934701772,0.9741304001228508,-1.1927577046874571,26.60969976905312,19.43250063395386,6.536859999999999e-06,0.19432500633953861,0.663213031715881,69.20461738088137,250,183,-17.453789606295253,-13.341593012823095,0.4295612009237875,0.42494226327944573,0.14318706697459585,0.0,0.09396149454393281,-0.015201464803084912,-0.10916295934701772
1,2022-01..2022-06,clf,0.05,ml,3173,17373,359,-0.2619529156429775,-0.4582684108172964,-0.2911911893355963,-0.2558983860499738,0.28632614653373223,0.0,0.46518105849582175,0.7881417839623548,-0.11413553856126231,-0.11413553856126231,0.9706288270630791,-1.1927577046874571,26.997214484679667,16.995819497196326,6.2477099999999985e-06,0.16995819497196327,0.557877165716917,73.80470843570225,216,143,-12.185256325306218,-14.010035238991641,0.40668523676880225,0.43175487465181056,0.15877437325905291,0.0,0.09541756057908532,-0.018717977982177027,-0.11413553856126235
1,2022-01..2022-06,clf,0.1,ml,1817,17373,241,-0.21433681761010415,-0.3854184451149535,-0.2855376147374632,-0.20916015678495156,0.23094171736645164,0.0,0.4730290456431535,0.7543929896312275,-0.10194450199766707,-0.10194450199766707,0.9688658059611314,-1.1673307623366875,29.315352697095435,12.467125500504507,7.849499999999997e-06,0.12467125500504507,0.4066655154550164,78.56631823898958,155,86,-12.08040631170869,-9.353275449301762,0.42323651452282157,0.4190871369294606,0.15352697095435686,0.0,0.10186551221740514,-7.8989780261942e-05,-0.10194450199766708
1,2022-01..2022-06,clf,0.2,ml,403,17373,83,0.009316346909134854,0.018890224601840533,0.026579935041676595,0.011871049336783169,0.09347844166461783,0.2020810816424917,0.5542168674698795,1.0306126734034344,0.010242277270369403,0.010242277270369403,0.9824278764084383,-1.156481570157391,29.626506024096386,6.230496101789668,5.462639999999999e-06,0.062304961017896676,0.1415414723997007,100.93163469091348,52,31,2.3116881994820515,-1.3800535085685126,0.3855421686746988,0.4819277108433735,0.13253012048192772,0.0,0.12434349566240743,0.13458577293277682,0.010242277270369388
1,2022-01..2022-06,rules,,all,7947,17373,528,-0.35550534669363243,-0.5879111535196534,-0.3257367151683119,-0.34658633593859506,0.37055045420722854,0.0,0.4564393939393939,0.7977186721593783,-0.11772894897604876,-0.11772894897604876,0.9753797441152326,-1.1927577046874571,26.352272727272727,23.2723662723277,5.204479999999999e-06,0.23272366272327702,0.8008979450872042,64.44946533063676,275,253,-19.9883623146234,-15.562172354739687,0.4147727272727273,0.42803030303030304,0.1553030303030303,0.0,0.09271913776328918,-0.025009811212759577,-0.11772894897604876
2,2022-07..2022-12,reg,0.0,ml,3084,17664,348,-0.4195740841082838,-0.6603762932856796,-0.45678115936365477,-0.41349417976574104,0.4319751833566283,0.0,0.4425287356321839,0.6644553203688126,-0.17272421708149902,-0.17272421708149902,0.9782359631398484,-1.2537688540712655,31.402298850574713,19.39228511529999,-2.1845100000000032e-06,0.1939228511529999,0.6186594202898551,58.04259158917162,184,164,-32.23200648336447,-9.72540192746396,0.4511494252873563,0.3649425287356322,0.1839080459770115,0.0,0.1172367095770875,-0.05548750750441151,-0.17272421708149902
2,2022-07..2022-12,reg,0.05,ml,2375,17664,300,-0.3300699416723458,-0.5485189986115485,-0.35440966344629726,-0.30010822781916385,0.37838302653587086,0.0,0.45,0.7114694157008626,-0.15830127498138633,-0.15830127498138633,0.9781554473784891,-1.3235154452218152,30.76,17.912598925442186,-4.03385e-06,0.17912598925442186,0.5224184782608695,66.99300583276542,155,145,-24.118258517322946,-8.888735649911618,0.46,0.39666666666666667,0.14333333333333334,0.0,0.1165457944237626,-0.04175548055762372,-0.15830127498138633
2,2022-07..2022-12,reg,0.1,ml,1702,17664,248,-0.3206526991091959,-0.5358329210189701,-0.37049561159455596,-0.2798499294396236,0.3720731770430876,0.0,0.43951612903225806,0.6685708978421775,-0.16598666388510344,-0.16598666388510344,0.9777066628376743,-1.2537688540712657,31.745967741935484,15.114553669749492,-3.4998600000000016e-06,0.15114553669749492,0.44570878623188404,67.9347300890804,123,125,-16.004834861457702,-16.060435049461972,0.4153225806451613,0.43548387096774194,0.14919354838709678,0.0,0.11875876207782869,-0.04722790180727473,-0.1659866638851034
2,2022-07..2022-12,reg,0.2,ml,784,17664,139,-0.2080969786893262,-0.3707155138733115,-0.2917936778838987,-0.15844393502701642,0.2819893104731921,0.0,0.4172661870503597,0.6434030532200703,-0.17812915555285058,-0.17812915555285058,0.9741019982610094,-1.1771562857298021,32.726618705035975,9.459531482423682,4.738700000000011e-07,0.09459531482423682,0.2575294384057971,79.19030213106738,66,73,-4.0312369826989585,-16.77846088623374,0.35251798561151076,0.4676258992805755,0.17985611510791366,0.0,0.11874762280885587,-0.05938153274399475,-0.1781291555528506
2,2022-07..2022-12,clf,0.0,ml,4561,17664,446,-0.41505721727681966,-0.65510949115602,-0.39344762654212173,-0.38869041938613685,0.44966324698463844,0.0,0.4798206278026906,0.7525212570521205,-0.13084369232697216,-0.13084369232697216,0.9817280176201199,-1.607645463484078,29.634529147982065,30.833650398933475,1.2756800000000013e-06,0.30833650398933476,0.748245018115942,58.494278272318034,247,199,-23.11996116224873,-18.38576056543334,0.4103139013452915,0.4170403587443946,0.17040358744394618,0.0,0.13431890993926218,0.0034752176122900117,-0.13084369232697218
2,2022-07..2022-12,clf,0.05,ml,3006,17664,341,-0.46731929587540344,-0.7135879281437032,-0.5261707463319567,-0.44876177717814786,0.4827627589059389,0.0,0.4281524926686217,0.6439557634298463,-0.20175162908219332,-0.20175162908219332,0.977662781454558,-1.7600512059149624,30.592375366568916,22.613170223481593,4.207249999999998e-06,0.22613170223481593,0.5905797101449275,53.26807041245966,191,150,-27.875924517578262,-18.856005069962034,0.4281524926686217,0.41642228739002934,0.15542521994134897,0.0,0.1382023184284087,-0.06354931065378461,-0.2017516290821933
2,2022-07..2022-12,clf,0.1,ml,1705,17664,231,-0.3222122901007358,-0.5379459175748722,-0.38257842479546106,-0.2804906917550487,0.37259400573017,0.0,0.45454545454545453,0.67781505271178,-0.1763091173116226,-0.1763091173116226,0.9735900433334062,-1.4781731930555897,30.952380952380953,18.295874574359235,9.354180000000001e-06,0.18295874574359236,0.4047780797101449,67.77877098992641,130,101,-20.62068714932126,-11.600541860752202,0.45021645021645024,0.42857142857142855,0.12121212121212122,0.0,0.1431569316203628,-0.03315218569125981,-0.1763091173116226
2,2022-07..2022-12,clf,0.2,ml,261,17664,54,-0.028019117949717676,-0.054854824127426594,-0.05243442340359401,-0.01911571991740692,0.08071936195722929,0.0,0.5,0.8795834415543095,-0.05878323152049563,-0.05878323152049563,0.976754284308085,-1.2411511880540402,30.425925925925927,5.635848969638649,6.626299999999999e-07,0.05635848969638649,0.09301403985507246,97.19808820502823,36,18,-2.035530169319396,-0.7663816256523708,0.42592592592592593,0.46296296296296297,0.1111111111111111,0.0,0.16049796648813852,0.10171473496764287,-0.05878323152049565
2,2022-07..2022-12,rules,,all,8043,17664,588,-0.4452772818549955,-0.6895811436612689,-0.3761428198897449,-0.43156567290762715,0.4730654999855961,0.0,0.48639455782312924,0.787691427377221,-0.1082719317158248,-0.1082719317158248,0.981986835335812,-1.5587321714297269,28.60544217687075,38.25956356913108,-2.921470000000002e-06,0.38259563569131083,0.9522192028985508,55.47227181450045,307,281,-26.40457674257967,-18.123151442919877,0.4013605442176871,0.40476190476190477,0.1921768707482993,0.0,0.1281642429265908,0.019892311210765987,-0.1082719317158248
3,2023-01..2023-06,reg,0.0,ml,1240,17376,223,-0.1640933084296965,-0.3035196886424274,-0.1694585870738247,-0.11803071800743396,0.2384875580121878,0.0,0.47533632286995514,0.8032537009869687,-0.0969045440807981,-0.0969045440807981,0.9762315487737855,-1.1947154088233976,30.68609865470852,15.057372704307117,-1.3527109999999985e-05,0.15057372704307118,0.39381906077348067,83.59066915703035,74,149,0.7805871028455167,-17.18991794581532,0.38565022421524664,0.484304932735426,0.12556053811659193,0.0,0.12278802781410758,0.02588348373330949,-0.0969045440807981
3,2023-01..2023-06,reg,0.05,ml,850,17376,167,-0.22335430363220354,-0.3995705363375357,-0.30351148049949356,-0.17839595934944635,0.2672856690483444,0.0,0.4251497005988024,0.6499777502542018,-0.1791271000076539,-0.1791271000076539,0.9762315487737855,-1.1947154088233976,31.473053892215567,10.682126569689801,-8.106870000000003e-06,0.10682126569689801,0.30248618784530384,77.66456963677965,56,111,-5.8054259205241525,-16.530004442696242,0.38922155688622756,0.47904191616766467,0.12574850299401197,0.0,0.12456027914202202,-0.054566820865631936,-0.17912710000765394
3,2023-01..2023-06,reg,0.1,ml,564,17376,110,-0.11580694834772143,-0.21993966053567993,-0.16605978809480115,-0.08146543613236319,0.17157150389467657,0.0,0.4636363636363636,0.7337119903192761,-0.1173392656307165,-0.1173392656307165,0.9762315487737855,-1.196671454646571,33.89090909090909,8.036084193978953,-8.361310000000005e-06,0.08036084193978953,0.214548802946593,88.41930516522785,29,81,0.701283648717471,-12.281978483489704,0.37272727272727274,0.4818181818181818,0.14545454545454545,0.0,0.12786907559138247,0.01052980996066599,-0.11733926563071648
3,2023-01..2023-06,reg,0.2,ml,198,17376,42,-0.060025253225477804,-0.11743534788523946,-0.12616422175623238,-0.0381232172733926,0.09632660978217678,0.0,0.47619047619047616,0.6739052094508582,-0.14752050540886777,-0.14752050540886777,0.9745920969476765,-1.1336413354626365,32.976190476190474,2.989725230954813,-4.278780000000001e-06,0.02989725230954813,0.07970764272559852,93.99747467745222,5,37,-1.5118455409723857,-4.490679781575449,0.42857142857142855,0.4523809523809524,0.11904761904761904,0.0,0.12264945672357715,-0.024871048685290626,-0.14752050540886777
3,2023-01..2023-06,clf,0.0,ml,1451,17376,233,-0.21955114736387626,-0.3936221232545972,-0.2403408854554235,-0.1742115386638608,0.2753205501980456,0.0,0.48068669527896996,0.750440953973737,-0.1233248038637045,-0.1233248038637045,0.9762315487737855,-1.1952197889247398,30.416309012875537,17.797847997417197,4.933800000000079e-07,0.17797847997417196,0.4078614180478821,78.04488526361237,82,151,-9.758461800104085,-12.196652936283503,0.41630901287553645,0.43776824034334766,0.14163090128755365,0.0,0.1379956710491822,0.014670867185477717,-0.12332480386370448
3,2023-01..2023-06,clf,0.05,ml,758,17376,144,-0.15417065303167188,-0.2867342721840823,-0.19562552676556047,-0.11093922684775413,0.20816174614168226,0.0,0.4791666666666667,0.739396204373973,-0.11994149936536787,-0.11994149936536787,0.9762315487737855,-1.1947154088233976,31.243055555555557,13.137029351661834,4.635179999999996e-06,0.13137029351661833,0.25892034990791896,84.58293469683281,46,98,-5.754343925059177,-9.662721378108028,0.4166666666666667,0.4583333333333333,0.125,0.0,0.1526825234140602,0.03274102404869234,-0.11994149936536785
3,2023-01..2023-06,clf,0.1,ml,346,17376,77,-0.11014366883771798,-0.20982387855072782,-0.1829160303498218,-0.06693466096110476,0.14921573746069317,0.0,0.4805194805194805,0.6835320580593647,-0.1440616459658914,-0.1440616459658914,0.9654190549233524,-1.8807519787130422,26.337662337662337,8.905117416283023,-6.206470000000004e-06,0.08905117416283023,0.11671270718232044,88.9856331162282,20,57,-1.069208157123479,-9.94515872664835,0.4155844155844156,0.5324675324675324,0.05194805194805195,0.0,0.18943043206664936,0.04536878610075794,-0.14406164596589144
3,2023-01..2023-06,clf,0.2,ml,44,17376,14,0.01682936330534668,0.0342538466966853,0.06329753071560014,0.011077397964839161,0.03239053660753777,1.0575263729565354,0.6428571428571429,1.4048859820295356,0.1314335860253577,0.1314335860253577,0.9466688811117795,-1.1571405608975696,28.785714285714285,2.0775409283261963,2.0335299999999997e-06,0.020775409283261964,0.02319290976058932,101.68293633053466,4,10,2.2005132415882454,-0.5175769110536268,0.2857142857142857,0.5714285714285714,0.14285714285714285,0.0,0.22154340483258705,0.3529769908579446,0.13143358602535754
3,2023-01..2023-06,rules,,all,7927,17376,665,-0.2647690214683921,-0.4624317460508045,-0.1818654343885413,-0.21421340000000386,0.38481360489875505,0.0,0.5097744360902255,0.8878853902115127,-0.05386825007734525,-0.05386825007734525,0.9762315487737855,-1.3392729964942882,24.881203007518796,53.468804587483575,1.7926589999999985e-05,0.5346880458748358,0.9522329650092081,73.52309785316079,359,306,-27.647461895592492,1.1705597487532264,0.42406015037593986,0.38646616541353385,0.18796992481203006,0.0,0.1401535441532652,0.08628529407591992,-0.053868250077345275
4,2023-07..2023-12,reg,0.0,ml,1131,17658,210,-0.3275085472551821,-0.5450857867951019,-0.4003822766671252,-0.2616148323406736,0.3417270256960392,0.0,0.46190476190476193,0.5716976870892941,-0.2124054601236385,-0.2124054601236385,0.9628854889408558,-1.9545410213711352,28.495238095238093,22.6710578052194,-6.720869999999996e-06,0.22671057805219402,0.33888322573337865,67.24914527448179,80,130,-18.152492425678634,-14.598362299839312,0.41904761904761906,0.4095238095238095,0.17142857142857143,0.0,0.2185080104873677,0.006102550363729184,-0.21240546012363853
4,2023-07..2023-12,reg,0.05,ml,711,17658,160,-0.2927367517377888,-0.4972021795039163,-0.40865898699952136,-0.2411641629043472,0.32068806584285237,0.0,0.44375,0.525027947262833,-0.23869546882773976,-0.23869546882773976,0.9628854889408558,-1.9389777177139171,29.40625,17.021746461588105,-1.0071610000000004e-05,0.17021746461588105,0.26645146675727716,70.72632482622112,56,104,-20.91985917207018,-8.353816001708486,0.45625,0.3625,0.18125,0.0,0.20937041137727858,-0.029325057450461194,-0.23869546882773976
4,2023-07..2023-12,reg,0.1,ml,419,17658,111,-0.23254517041734202,-0.40869617400535163,-0.3685629711796212,-0.17545677232135987,0.2532348885030722,0.0,0.4594594594594595,0.49699011924109193,-0.2579277886487234,-0.2579277886487234,0.9628854889408558,-1.9389777177139171,30.774774774774773,13.224193342337252,-5.666069999999999e-06,0.1322419334233725,0.19345339223015065,76.7454829582658,39,72,-13.060877862663826,-10.19363917907019,0.4144144144144144,0.38738738738738737,0.1981981981981982,0.0,0.2187218759808212,-0.03920591266790219,-0.2579277886487234
4,2023-07..2023-12,reg,0.2,ml,146,17658,40,-0.10383307009643605,-0.19557778558410222,-0.2537147754757547,-0.08212089229838067,0.13004746763122066,0.0,0.425,0.4406402953541874,-0.3139146753134369,-0.3139146753134369,0.9529234688234897,-1.705596595035692,37.45,4.58948826425873,-5.21716e-06,0.0458948826425873,0.08483406954354966,89.6166929903564,12,28,-7.935311589903992,-2.4479954197395872,0.425,0.325,0.25,0.0,0.19146908921720535,-0.12244558609623155,-0.31391467531343686
4,2023-07..2023-12,clf,0.0,ml,2217,17658,354,-0.43134927783330634,-0.673917395723181,-0.45576451307473403,-0.3961642219910385,0.45523812647811834,0.0,0.480225988700565,0.6327737754006948,-0.17819820893910326,-0.17819820893910326,0.9619291338695474,-1.9389777177139171,25.070621468926554,38.877732935611846,1.5914800000000049e-06,0.3887773293561185,0.5026050515347151,56.86507221666937,167,187,-37.785238838127874,-5.349688945202614,0.4830508474576271,0.3502824858757062,0.1638418079096045,0.0,0.23480594045705921,0.05660773151795596,-0.17819820893910326
4,2023-07..2023-12,clf,0.05,ml,1203,17658,253,-0.38228920138252,-0.6156970428198916,-0.4604362501289255,-0.32518583711530136,0.39397036728126367,0.0,0.47035573122529645,0.5820350511854502,-0.20875400711354355,-0.20875400711354355,0.9619291338695474,-1.938977717713917,24.790513833992094,31.82794187777663,-4.986239999999999e-06,0.31827941877776633,0.3551931136028995,61.77107986174801,114,139,-29.065849015949023,-9.163071122302814,0.4624505928853755,0.3715415019762846,0.16205533596837945,0.0,0.25433399547385305,0.04557998836030953,-0.20875400711354353
4,2023-07..2023-12,clf,0.1,ml,589,17658,142,-0.3423278454088279,-0.5647704006860066,-0.5239761349064487,-0.2575240714852178,0.3520821333407005,0.0,0.43661971830985913,0.4450680193678476,-0.31774711524834215,-0.31774711524834215,0.9334052920061732,-1.938977717713917,24.992957746478872,23.117118623876706,-5.56957e-06,0.23117118623876706,0.20098538905878355,65.76721545911721,58,84,-19.155921000840102,-15.076863540042478,0.4154929577464789,0.43661971830985913,0.14788732394366197,0.0,0.31046665357381464,-0.007280461674527531,-0.31774711524834215
4,2023-07..2023-12,clf,0.2,ml,71,17658,28,-0.16807266621963834,-0.306005254731331,-0.4409461551700968,-0.08316028531970487,0.16981945746982452,0.0,0.2857142857142857,0.18841972654722383,-0.7431915638356165,-0.7431915638356165,0.9332974748999955,-1.9389777177139171,21.607142857142858,9.00094647492837,-7.39623e-06,0.09000946474928369,0.03426209083701438,83.19273337803617,9,19,-9.295574301929664,-7.511692320034177,0.42857142857142855,0.4642857142857143,0.10714285714285714,0.0,0.5204342542809087,-0.22275730955470757,-0.7431915638356164
4,2023-07..2023-12,rules,,all,8396,17658,555,-0.5868662487414686,-0.8270677538247355,-0.5899771431704,-0.6364166670653634,0.6011237248191184,0.0,0.4702702702702703,0.6286380808568817,-0.17728494470046963,-0.17728494470046963,0.9619291338695474,-1.9389777177139171,26.464864864864865,47.9462830098658,-1.7640700000000008e-06,0.47946283009865803,0.8318042813455657,41.313375125853135,282,273,-42.7351784814035,-15.951446392743259,0.43783783783783786,0.38738738738738737,0.17477477477477477,0.0,0.21860467933102307,0.04131973463055341,-0.17728494470046965
5,2024-01..2024-06,reg,0.0,ml,1120,17472,158,-0.0208621916069609,-0.041430284896770364,-0.016000876072479617,-0.010008210438334275,0.1712884326386621,0.0,0.5253164556962026,0.9635269867518764,-0.00015446341606705765,-0.00015446341606705765,0.9615856558575464,-1.5852953200735649,26.018987341772153,11.903606725493033,-2.7387399999999995e-06,0.11903606725493032,0.2352907509157509,97.91378083930391,70,88,-8.850777538016208,6.76455837732024,0.45569620253164556,0.36075949367088606,0.18354430379746836,0.0,0.12750005467884892,0.12734559126278186,-0.00015446341606706326
5,2024-01..2024-06,reg,0.05,ml,762,17472,113,-0.03298709471452188,-0.06510505069448591,-0.042181100568324886,-0.020774709371109257,0.1319432895297783,0.0,0.5309734513274337,0.9206566862497824,-0.017876018598980085,-0.017876018598980085,0.9615856558575464,-1.5852953200735649,23.504424778761063,8.654894040233195,-4.862379999999997e-06,0.08654894040233195,0.152014652014652,96.70129052854782,50,63,-7.544372683538201,4.245663212086061,0.4778761061946903,0.3805309734513274,0.1415929203539823,0.0,0.1352413821621139,0.11736536356313379,-0.01787601859898011
5,2024-01..2024-06,reg,0.1,ml,483,17472,86,0.03346536113675391,0.06829618674801119,0.06799361420431209,0.029139631517802474,0.08013842647265756,0.8522276984227182,0.5930232558139535,1.1179482427863796,0.06326736722166826,0.06326736722166826,0.9615856558575464,-1.1479885416573261,23.86046511627907,6.1173376718914385,-2.08269e-06,0.06117337671891439,0.11744505494505494,103.34653611367538,34,52,0.06852382371397253,3.2780122899613455,0.4418604651162791,0.4069767441860465,0.1511627906976744,0.0,0.12630754275083536,0.18957490997250354,0.06326736722166817
5,2024-01..2024-06,reg,0.2,ml,174,17472,38,-0.012061160513235025,-0.024059549372505207,-0.027090180652186872,-0.007209425997338031,0.0592392106162094,0.0,0.5263157894736842,0.9084506643426676,-0.047373472333868225,-0.047373472333868225,0.9512938546870853,-1.1386549280642426,22.44736842105263,2.574210883697808,-2.47676e-06,0.02574210883697808,0.048820970695970696,98.7938839486765,16,22,-0.8100092880455818,-0.3961067632778938,0.3684210526315789,0.4473684210526316,0.18421052631578946,0.0,0.12911465406498013,0.08174118173111197,-0.047373472333868155
5,2024-01..2024-06,clf,0.0,ml,2351,17472,290,-0.05664262562896494,-0.11043914882296468,-0.04060587238851445,-0.03300438454635228,0.25843696987470843,0.0,0.5517241379310345,0.9509650442038013,-0.0027517292109057617,-0.0027517292109057617,0.9631900897295952,-1.3682434025955224,24.77241379310345,23.732839996752464,7.351109999999995e-06,0.23732839996752464,0.41117216117216115,94.3357374371035,156,134,-16.299642932874672,10.635380369978257,0.4724137931034483,0.4068965517241379,0.11724137931034483,0.0,0.13429732325186447,0.13154559404095872,-0.0027517292109057456
5,2024-01..2024-06,clf,0.05,ml,1396,17472,198,0.02084920074883967,0.04228326560445428,0.038719403128657084,0.02630830153122281,0.1544960907789824,0.2736850194154329,0.5707070707070707,1.027844748793387,0.03342209305305176,0.03342209305305176,0.9615856558575464,-1.402213403345903,23.464646464646464,16.449737795429627,3.3889499999999995e-06,0.16449737795429628,0.26591117216117216,102.08492007488397,101,97,-14.531476291924996,16.616396366809035,0.51010101010101,0.3686868686868687,0.12121212121212122,0.0,0.13687504716960555,0.17029714022265735,0.0334220930530518
5,2024-01..2024-06,clf,0.1,ml,715,17472,119,0.032373216355770396,0.06603160229239635,0.060507524637290006,0.032219245219831875,0.13634015331973903,0.48431515356698984,0.5630252100840336,1.0750351786133696,0.035909114214974065,0.035909114214974065,0.9606077859033486,-1.5971625185367073,23.49579831932773,10.525872619807384,-2.0006099999999973e-06,0.10525872619807383,0.16002747252747251,103.23732163557703,56,63,-4.815376812342843,8.052698447919903,0.48739495798319327,0.36134453781512604,0.15126050420168066,0.0,0.14424025062289947,0.18014936483787355,0.035909114214974086
5,2024-01..2024-06,clf,0.2,ml,78,17472,20,-0.0380551989646023,-0.07491286564079558,-0.1392909377304531,-0.02519800406009853,0.04398203013225099,0.0,0.4,0.5490128616327412,-0.23003124153550933,-0.23003124153550933,0.9361470273620018,-1.1386549280642426,24.75,1.5108761801128863,-1.4978800000000004e-06,0.015108761801128863,0.028331043956043956,96.19448010353977,8,12,-1.6110525254700927,-2.194467370990128,0.35,0.4,0.25,0.0,0.1406337190996906,-0.08939752243581875,-0.23003124153550936
5,2024-01..2024-06,rules,,all,8542,17472,500,-0.21101619253100612,-0.37853395265576195,-0.14739736321234634,-0.16439137830851824,0.3814268957996946,0.0,0.52,0.8912280688003765,-0.049915304842351245,-0.049915304842351245,0.9644532228045709,-1.5971625185367069,26.63,39.09237487264183,-3.3758800000000004e-06,0.3909237487264183,0.7620764652014652,78.89838074689939,248,252,-39.42047558488907,18.31885633178843,0.482,0.372,0.144,0.0,0.13667454038649055,0.0867592355441393,-0.04991530484235125
6,2024-07..2024-12,reg,0.0,ml,2554,17660,212,-0.10272658146536118,-0.19360489437755357,-0.10744037366668015,-0.06971931058529274,0.16186273265133155,0.0,0.5283018867924528,0.8711073412235177,-0.047991066635639616,-0.047991066635639616,0.9501439246036087,-1.2557850551097245,25.339622641509433,14.841066363391246,1.2056200000000005e-06,0.14841066363391245,0.3041902604756512,89.72734185346388,127,85,-5.416032068815189,-4.856626077720992,0.4339622641509434,0.46226415094339623,0.10377358490566038,0.0,0.1315207295036609,0.08352966286802127,-0.04799106663563962
6,2024-07..2024-12,reg,0.05,ml,1788,17660,176,-0.051718943412569884,-0.10005441983230257,-0.05402194779127668,-0.03437095090193245,0.12352622246689726,0.0,0.5284090909090909,0.9202274509103374,-0.023461626520344225,-0.023461626520344225,0.9497013329788704,-1.2557850551097245,27.727272727272727,12.747941167098388,1.4109100000000006e-06,0.12747941167098387,0.27633069082672707,94.82810565874301,106,70,-6.826750713879363,1.6548563726222538,0.44886363636363635,0.42045454545454547,0.13068181818181818,0.0,0.131633230107034,0.10817160358668977,-0.02346162652034424
6,2024-07..2024-12,reg,0.1,ml,1155,17660,127,-0.11529210677809698,-0.21586843743881112,-0.17500387179144372,-0.09139524253180382,0.161453234236154,0.0,0.48031496062992124,0.7730133399378994,-0.11306822087158094,-0.11306822087158094,0.9507467558958654,-1.3563148030128442,26.283464566929133,9.194197622213158,1.2419100000000006e-06,0.09194197622213159,0.18901472253680635,88.4707893221903,85,42,-6.9186940982257825,-4.61051657958391,0.4330708661417323,0.48031496062992124,0.08661417322834646,0.0,0.13770401532295204,0.02463579445137099,-0.11306822087158105
6,2024-07..2024-12,reg,0.2,ml,395,17660,73,-0.04298506566312743,-0.08352532643621391,-0.09070595287103814,-0.03332563278108898,0.07264983298388883,0.0,0.4931506849315068,0.8445965661530345,-0.08934945419207792,-0.08934945419207792,0.9449283461910594,-1.241601977607236,24.273972602739725,5.483717604019767,4.0183000000000005e-07,0.05483717604019767,0.10033975084937713,95.70149343368726,53,20,-0.645636143307187,-3.652870423005559,0.410958904109589,0.5205479452054794,0.0684931506849315,0.0,0.14265092181892983,0.05330146762685192,-0.0893494541920779
6,2024-07..2024-12,clf,0.0,ml,2947,17660,248,-0.06667658134754428,-0.12801533527769782,-0.056034772881312665,-0.03984897552672624,0.1229025640556285,0.0,0.532258064516129,0.9268120164306949,-0.029044141282475084,-0.029044141282475084,0.9483813670718124,-1.2582979885249124,26.052419354838708,19.13733513352546,1.3321400000000002e-06,0.1913733513352546,0.3658550396375991,93.33234186524557,145,103,6.624730338243336,-13.292388472997864,0.375,0.5040322580645161,0.12096774193548387,0.0,0.1405365833746021,0.11149244209212701,-0.02904414128247508
6,2024-07..2024-12,clf,0.05,ml,1628,17660,162,-0.047764965287041994,-0.09258990674187628,-0.05400079006116396,-0.0318185987394197,0.11283437572157284,0.0,0.5246913580246914,0.9160309879813304,-0.026810822062405603,-0.026810822062405603,0.9501428251822496,-1.2582979885249124,27.40740740740741,12.573507560454862,2.0379700000000002e-06,0.12573507560454864,0.25141562853907135,95.2235034712958,105,57,-1.7955190637020657,-2.9809774650021112,0.4012345679012346,0.4382716049382716,0.16049382716049382,0.0,0.14370310154209337,0.11689227947968776,-0.026810822062405607
6,2024-07..2024-12,clf,0.1,ml,799,17660,98,-0.058724231134691385,-0.11320421083382692,-0.10689907215720007,-0.051014555361359175,0.09355859066935168,0.0,0.5204081632653061,0.8425246358102458,-0.07284744831946154,-0.07284744831946154,0.9427660178313308,-1.2557850551097245,25.908163265306122,7.803036304490987,1.2709700000000006e-06,0.07803036304490987,0.14377123442808606,94.12757688653086,71,27,-5.887439218676526,0.015016105207386648,0.45918367346938777,0.42857142857142855,0.11224489795918367,0.0,0.15040080444237727,0.07755335612291574,-0.07284744831946154
6,2024-07..2024-12,clf,0.2,ml,104,17660,19,-0.05025373031381941,-0.09729188750218687,-0.22543328259836223,-0.045618291314192434,0.07412461436492113,0.0,0.42105263157894735,0.46530351293574984,-0.32288856367150065,-0.32288856367150065,0.9277859461976794,-1.2781453308801913,29.157894736842106,1.6557290532873927,2.3288e-07,0.016557290532873928,0.03137032842582106,94.97462696861805,14,5,-4.605184711787663,-0.4201883195942258,0.5789473684210527,0.3684210526315789,0.05263157894736842,0.0,0.16895264416791456,-0.15393591950358612,-0.32288856367150065
6,2024-07..2024-12,rules,,all,8444,17660,316,-0.3022741586688936,-0.5105725978192592,-0.29101357618052787,-0.23022056136865351,0.33377796006806204,0.0,0.49050632911392406,0.7391234058556565,-0.12300787691411748,-0.12300787691411748,0.948882524927994,-1.2534771847306316,25.746835443037973,21.794814920679134,1.064480000000001e-06,0.21794814920679134,0.4607021517553794,69.77258413311064,179,137,-16.33051302583329,-13.896902841056097,0.43037974683544306,0.4620253164556962,0.10759493670886076,0.0,0.14528245039328194,0.022274573479164478,-0.12300787691411746
7,2025-01..2025-06,reg,0.0,ml,2471,17376,128,-0.04007828501769106,-0.07923119102799314,-0.04640415696166274,-0.02488412769271889,0.08293369564870468,0.0,0.5390625,0.9206561349605816,-0.030785240367913733,-0.030785240367913733,0.9317533417730028,-1.2278877263191434,24.328125,12.986414866973938,1.2626699999999998e-06,0.1298641486697394,0.17921270718232044,95.99217149823089,80,48,-3.4161498086060584,-0.5916786931630613,0.4453125,0.453125,0.09375,0.0,0.17763394612180622,0.14684870575389244,-0.030785240367913774
7,2025-01..2025-06,reg,0.05,ml,1783,17376,107,0.02081064095058771,0.042442319565893394,0.042901872104737795,0.022707696622824788,0.05971433277571225,0.7107559876002844,0.5607476635514018,1.0524603103714965,0.026013401865799767,0.026013401865799767,0.9205524729936088,-1.2374645924976657,25.897196261682243,10.959734383253664,1.2290099999999996e-06,0.10959734383253665,0.15947283609576426,102.08106409505878,69,38,-1.6531423810643118,3.7342064761231195,0.45794392523364486,0.42990654205607476,0.102803738317757,0.0,0.1771587384662522,0.20317214033205191,0.0260134018657997
7,2025-01..2025-06,reg,0.1,ml,1223,17376,74,0.05892346023083839,0.12247968905262341,0.11150630678098307,0.04802374562123806,0.06140159962714087,1.994731241472163,0.5945945945945946,1.2284296407701056,0.09027160814006385,0.09027160814006385,0.9305756747040722,-1.2328554449646603,23.445945945945947,7.539476371992642,7.902000000000001e-07,0.07539476371992641,0.09985036832412524,105.89234602308385,45,29,0.09997821233885948,5.7923678107449605,0.4864864864864865,0.43243243243243246,0.08108108108108109,0.0,0.17342195272804117,0.263693560868105,0.09027160814006385
7,2025-01..2025-06,reg,0.2,ml,429,17376,36,0.09074917714446418,0.19160289639826522,0.228210482651477,0.0819450871958371,0.029836054512626387,6.421857699622461,0.7222222222222222,2.010288462424989,0.31724192331643963,0.31724192331643963,0.9283510154153645,-1.2328554449646603,26.305555555555557,3.6397327116943594,2.825800000000001e-07,0.036397327116943594,0.05450046040515654,109.07491771444641,23,13,5.063270442578668,4.011647271867743,0.3888888888888889,0.5,0.1111111111111111,0.0,0.16984510212421378,0.48708702544065346,0.3172419233164397
7,2025-01..2025-06,clf,0.0,ml,3572,17376,198,-0.08688186579923252,-0.16758368954877167,-0.08288370797454937,-0.058373076770289446,0.1455965564386965,0.0,0.5303030303030303,0.8913549361953843,-0.04635207490265711,-0.04635207490265711,0.9287834457646758,-1.280817447181493,26.646464646464647,20.769189486306015,2.8656500000000003e-06,0.20769189486306014,0.30363720073664824,91.31181342007675,119,79,-8.829265422719896,0.14107884279646368,0.4595959595959596,0.45454545454545453,0.08585858585858586,0.0,0.18451766577326725,0.13816559087061012,-0.04635207490265714
7,2025-01..2025-06,clf,0.05,ml,2340,17376,147,-0.03497633988642601,-0.0693283308297421,-0.031952585996195146,-0.018458455462068302,0.08330681596189249,0.0,0.54421768707483,0.9402798019727325,-0.02856726167037745,-0.02856726167037745,0.9282366634624907,-1.2278877263191434,26.843537414965986,15.475106432348902,1.2140999999999993e-06,0.154751064323489,0.2270948434622468,96.5023660113574,85,62,-0.5649186717502319,-2.932715316892268,0.40816326530612246,0.4897959183673469,0.09523809523809523,0.0,0.1816046839426414,0.15303742227226397,-0.02856726167037743
7,2025-01..2025-06,clf,0.1,ml,1414,17376,104,0.04561353706155469,0.09418931526882024,0.07978489290952352,0.03769663456858321,0.06269064939461888,1.5024459975829358,0.5769230769230769,1.1208607742041483,0.0399770035266281,0.0399770035266281,0.9259985940732751,-1.3354471561590198,25.509615384615383,11.15619213316568,9.720300000000002e-07,0.11156192133165681,0.1526818600368324,104.56135370615546,60,44,6.4608420963151625,-1.8994883901597504,0.40384615384615385,0.5288461538461539,0.0673076923076923,0.0,0.18724057423178647,0.22721757775841456,0.039977003526628085
7,2025-01..2025-06,clf,0.2,ml,238,17376,26,0.00670450978727577,0.013576361256200542,0.02559433886773216,0.0056105883366287185,0.028951017278976976,0.4689424597891118,0.5769230769230769,1.067626021163908,0.028823731147530583,0.028823731147530583,0.9259985940732751,-1.2168166623846164,21.73076923076923,2.72679958381236,5.421800000000001e-07,0.0272679958381236,0.03251611418047882,100.67045097872757,15,11,1.0700792654121951,-0.39962828668464734,0.4230769230769231,0.5384615384615384,0.038461538461538464,0.0,0.18513618440367183,0.21395991555120245,0.028823731147530618
7,2025-01..2025-06,rules,,all,7968,17376,253,-0.2921385517829759,-0.5020510806924781,-0.31583007360546367,-0.23409236204854122,0.32783313697837235,0.0,0.48221343873517786,0.7141801199998358,-0.16015292996819136,-0.16015292996819136,0.9169165318609545,-1.3389656465106072,23.960474308300395,26.101014090840646,1.5287599999999981e-06,0.26101014090840646,0.3488720073664825,70.78614482170241,148,105,-29.65540663456206,0.4415514562643332,0.5375494071146245,0.3952569169960474,0.06719367588932806,0.0,0.2074771428594027,0.04732421289121132,-0.16015292996819136
8,2025-07..2025-12,reg,0.0,ml,3133,17664,126,-0.2224866847650604,-0.39321221393256245,-0.3249121158335844,-0.15891727285594234,0.25572745126821494,0.0,0.4603174603174603,0.6189346938461557,-0.2191573874810388,-0.2191573874810388,0.9178170929209488,-1.3648311023050659,24.158730158730158,13.669424448515587,-6.208299999999997e-07,0.13669424448515588,0.17232789855072464,77.75133152349396,71,55,-14.988015534889893,-7.260652941616214,0.4523809523809524,0.40476190476190477,0.1349206349206349,0.0,0.1882433561447524,-0.030914031336286327,-0.21915738748103875
8,2025-07..2025-12,reg,0.05,ml,2427,17664,113,-0.17486037355316597,-0.31720071287560914,-0.2504795453992529,-0.1201033737019997,0.216815173162469,0.0,0.4690265486725664,0.6669268367484893,-0.1896834424468133,-0.1896834424468133,0.9240692966626515,-1.2075825790690302,24.265486725663717,11.890617349046197,-9.813500000000001e-07,0.11890617349046197,0.15523097826086957,82.5139626446834,59,54,-12.363751299302868,-5.122286056013749,0.46017699115044247,0.4247787610619469,0.10619469026548672,0.0,0.1789345070516288,-0.010748935395184513,-0.18968344244681332
8,2025-07..2025-12,reg,0.1,ml,1858,17664,82,-0.12471221437319657,-0.23235605657640956,-0.20444518001742973,-0.0859746378978984,0.14238282085732534,0.0,0.47560975609756095,0.669803741688446,-0.18318764754633757,-0.18318764754633757,0.9261994443396575,-1.2069323066548472,25.451219512195124,8.471171044927422,-9.127700000000005e-07,0.08471171044927422,0.11814990942028986,87.52877856268034,45,37,-11.572857453920287,-0.8983639833993154,0.4878048780487805,0.3780487804878049,0.12195121951219512,0.0,0.1761027421217882,-0.007084905424549329,-0.18318764754633754
8,2025-07..2025-12,reg,0.2,ml,916,17664,44,-0.11095606035786032,-0.20822080281004895,-0.26095599955078,-0.07008685800768112,0.13156725492693144,0.0,0.4090909090909091,0.528461757043497,-0.28110537730065494,-0.28110537730065494,0.9089634628174059,-1.195364981427289,23.0,4.445906778235894,-3.5066000000000004e-07,0.044459067782358946,0.057291666666666664,88.90439396421397,28,16,-9.356996122442016,-1.7386099133440338,0.5454545454545454,0.38636363636363635,0.06818181818181818,0.0,0.1693443040453727,-0.11176107325528227,-0.281105377300655
8,2025-07..2025-12,clf,0.0,ml,4845,17664,209,-0.2615494686364218,-0.45223278102601194,-0.2928154524989658,-0.19725489193575235,0.31123393954342604,0.0,0.4880382775119617,0.7000053809639405,-0.17270601250636358,-0.17270601250636358,0.907586971569344,-1.3735647636331683,25.04306220095694,25.28590588590232,-7.376299999999997e-07,0.2528590588590232,0.2963088768115942,73.84505313635782,100,109,-20.687471432624502,-5.467475431017638,0.49760765550239233,0.41148325358851673,0.0861244019138756,0.0,0.2328043772938882,0.060098364787524616,-0.17270601250636358
8,2025-07..2025-12,clf,0.05,ml,3288,17664,163,-0.2191822195268075,-0.3880820009213235,-0.27066805191478277,-0.1666184579875558,0.2832943146271909,0.0,0.4723926380368098,0.6963703196523409,-0.1739203079083128,-0.1739203079083128,0.9178170929209488,-1.3884310447121537,26.134969325153374,19.114281506101612,-9.5019e-07,0.19114281506101613,0.24116847826086957,78.08177804731925,83,80,-16.253961128705974,-5.664260823974837,0.4601226993865031,0.4110429447852761,0.12269938650306748,0.0,0.20639722368965935,0.032476915781346566,-0.17392030790831278
8,2025-07..2025-12,clf,0.1,ml,1936,17664,117,-0.12228305381676652,-0.22812103664410055,-0.15215192705895164,-0.08041629912977193,0.2018223152998807,0.0,0.5128205128205128,0.7700085216430282,-0.11147513397389372,-0.11147513397389372,0.9240692966626515,-1.242776727811541,26.786324786324787,13.16707494197112,-1.65805e-06,0.13167074941971119,0.1774230072463768,87.77169461832335,55,62,-14.412564013847783,2.1842586321711246,0.5299145299145299,0.36752136752136755,0.09401709401709402,0.0,0.18873017384020654,0.07725503986631285,-0.11147513397389369
8,2025-07..2025-12,clf,0.2,ml,310,17664,24,-0.04717533029290566,-0.0914741432839512,-0.13860484810436086,-0.030900080625031384,0.07342494585272208,0.0,0.4583333333333333,0.5982027647135992,-0.21821166386919433,-0.21821166386919433,0.9086879424764953,-1.195364981427289,23.5,2.6181552007042126,-4.829899999999999e-07,0.026181552007042128,0.03192934782608696,95.28246697070944,11,13,-6.6766195169872145,1.9590864876966516,0.625,0.20833333333333334,0.16666666666666666,0.0,0.1802103288278342,-0.03800133504136016,-0.21821166386919436
8,2025-07..2025-12,rules,,all,7973,17664,264,-0.36913792082948615,-0.5992841950939003,-0.4161367339154013,-0.309680931506712,0.4059989541883784,0.0,0.4659090909090909,0.6484045120736163,-0.20289939281106145,-0.20289939281106145,0.907586971569344,-1.535239865004994,24.693181818181817,32.66534087698807,1.1822399999999997e-06,0.3266534087698807,0.36905570652173914,63.08620791705139,153,111,-28.852853482574496,-8.060938600374238,0.4696969696969697,0.4128787878787879,0.11363636363636363,0.0,0.2520798074736357,0.04918041466257422,-0.20289939281106145
9,2026-01..2026-06,reg,0.0,ml,1127,17376,122,-0.2887766482927474,-0.4972669048269447,-0.4475803052589061,-0.2067495785967077,0.29071883070368465,0.0,0.3524590163934426,0.47627003590404593,-0.33278860421390477,-0.33278860421390477,0.9340507188021181,-1.1891822347746144,24.37704918032787,9.338001560197755,3.0457999999999994e-07,0.09338001560197755,0.17115561694290976,71.12233517072526,63,59,-14.589099130343431,-14.288565698931249,0.4344262295081967,0.45901639344262296,0.09836065573770492,0.0,0.15616858504777845,-0.1766200191661262,-0.33278860421390466
9,2026-01..2026-06,reg,0.05,ml,688,17376,97,-0.27547601142953426,-0.4781130704374321,-0.47442104833802307,-0.1852760041985296,0.27935228127570444,0.0,0.35051546391752575,0.4181018650720121,-0.37047326852975876,-0.37047326852975876,0.9326249307602053,-1.2894560256338583,24.432989690721648,7.3820727977573135,3.398199999999998e-07,0.07382072797757314,0.13639502762430938,72.45239885704657,50,47,-12.508956421068389,-15.038644721884975,0.422680412371134,0.4948453608247423,0.08247422680412371,0.0,0.15245473272559631,-0.2180185358041625,-0.3704732685297588
9,2026-01..2026-06,reg,0.1,ml,383,17376,74,-0.20442025855149926,-0.3696633005239667,-0.41778918420022604,-0.1391229271880098,0.2086766831980943,0.0,0.33783783783783783,0.41871424293763093,-0.3817129238791131,-0.3817129238791131,0.9326499050364976,-1.1702683858516363,24.283783783783782,5.66982385894304,5.2229e-07,0.056698238589430405,0.10341850828729282,79.55797414485008,40,34,-10.375328830691895,-10.06669702445799,0.43243243243243246,0.43243243243243246,0.12162162162162163,0.0,0.152763522691898,-0.22894940118721513,-0.38171292387911315
9,2026-01..2026-06,reg,0.2,ml,80,17376,28,-0.09418828563757942,-0.18097066373485204,-0.2900809308300031,-0.05368524370555025,0.12356304562090237,0.0,0.35714285714285715,0.37907107334818985,-0.4477941870965233,-0.4477941870965233,0.9319896184409223,-1.1732699029571036,23.214285714285715,2.2712349234100806,3.4051e-07,0.022712349234100804,0.03740791896869245,90.58117143624206,13,15,-3.41491056263924,-6.003918001118711,0.35714285714285715,0.5714285714285714,0.07142857142857142,0.0,0.15184193291985734,-0.2959522541766658,-0.4477941870965232
9,2026-01..2026-06,clf,0.0,ml,2298,17376,235,-0.22112141373380456,-0.39608171969666484,-0.24412693675674668,-0.17598377457118242,0.2666481085322837,0.0,0.4851063829787234,0.7483811337328246,-0.13377876683069853,-0.13377876683069853,0.9364183086857509,-1.4920758948362443,26.2468085106383,20.8377249243426,1.65418e-06,0.208377249243426,0.35497237569060774,77.88785862661955,137,98,-16.411754821070605,-5.700386552310054,0.44680851063829785,0.43829787234042555,0.11063829787234042,0.0,0.17406258371437738,0.04028381688367885,-0.13377876683069853
9,2026-01..2026-06,clf,0.05,ml,1081,17376,151,-0.1878245670323334,-0.3428463952536739,-0.26047504954461737,-0.14829700411100044,0.2134163065362622,0.0,0.4503311258278146,0.6793799356411204,-0.17850050229811965,-0.17850050229811965,0.9366343461748078,-1.4384621553983996,26.066225165562916,12.967671917145076,2.03625e-06,0.12967671917145077,0.2265193370165746,81.21754329676666,91,60,-9.670517489729905,-9.111939213503437,0.41721854304635764,0.4768211920529801,0.09933774834437085,0.0,0.17381269339022684,-0.004687808907892768,-0.17850050229811962
9,2026-01..2026-06,clf,0.1,ml,399,17376,82,-0.17272567839342134,-0.3179584140614937,-0.3238260464966146,-0.11895289210770982,0.17715167195325032,0.0,0.4024390243902439,0.5293723311299338,-0.2723947415959898,-0.2723947415959898,0.9319896184409223,-1.379718366378605,24.414634146341463,7.24223988632793,1.16887e-06,0.0724223988632793,0.11521639042357275,82.72743216065787,45,37,-6.6842064781639055,-10.588361361178222,0.3780487804878049,0.5,0.10975609756097561,0.0,0.1697610482077661,-0.10263369338822367,-0.27239474159598975
9,2026-01..2026-06,clf,0.2,ml,29,17376,4,-0.012675256941217294,-0.025414549448120716,-0.1437701438145174,-0.009278295506482851,0.019765150629131534,0.0,0.25,0.309460156343017,-0.474143654722951,-0.474143654722951,0.6383459804459723,-1.2894560256338583,18.25,0.6236068184092738,1.4260000000000002e-08,0.006236068184092738,0.004201197053406998,98.73247430587827,3,1,-0.5831445585843567,-0.684381135537378,0.25,0.5,0.25,0.0,0.2840454935951095,-0.19009816112784153,-0.47414365472295106
9,2026-01..2026-06,rules,,all,7658,17376,340,-0.4051405546553666,-0.6494484005594976,-0.4195479814428225,-0.32499264750890045,0.43763171557746916,0.0,0.4588235294117647,0.689978774083283,-0.18725201088986593,-0.18725201088986593,0.9376846241575829,-1.5210546737144257,23.51764705882353,31.201683678329427,7.659999999999998e-07,0.3120168367832943,0.4601749539594843,59.48594453446334,193,147,-14.035875906535837,-26.478179559000793,0.4147058823529412,0.5,0.08529411764705883,0.0,0.18908031812989834,0.0018283072400324307,-0.1872520108898659
