tf,stop_scale,max_hold_bars,hold_hours,trades,mean_R,ci_lo,ci_hi,p_gt_0,gross_r,cost_r,win_rate,avg_bars,cagr,max_dd,end,fill_rate,note
5,2.0,24,2.0,19,-0.09607298527607655,-0.2952797840219467,0.11525129973094712,0.18095,-0.03278735294303194,0.06328563233304459,0.3684210526315789,23.473684210526315,-0.003942306849807231,0.01761839077397953,98.23816092260205,0.7391304347826086,po0.20
5,2.0,36,3.0,95,-0.08628896442278466,-0.20828017019547942,0.03645420787312781,0.08715,0.004963442695396977,0.09125240711818168,0.45263157894736844,31.11578947368421,-0.018855602959227502,0.08412759976664153,91.7905931841967,0.7429577464788732,po0.20
5,2.0,48,4.0,139,-0.09565467566447428,-0.21554822095312623,0.023717975684405323,0.0546,0.009799841138629658,0.10545451680310393,0.43884892086330934,38.94964028776978,-0.02714974709648177,0.1164991277575903,88.35008722424097,0.6557911908646004,po0.20
5,2.0,72,6.0,230,-0.07375408414833619,-0.174630132951203,0.026824073545046304,0.07055,0.041090715817959936,0.11484479996629612,0.4434782608695652,52.87826086956522,-0.03975932838973795,0.16687448388589654,83.31255161141034,0.6821994408201305,po0.20
5,2.0,96,8.0,274,-0.18103902355400647,-0.27861803402665897,-0.08373367943306616,0.00015,-0.06466959422767236,0.11636942932633412,0.4233576642335766,60.66423357664234,-0.09402326684656792,0.3587510010035645,64.12489989964355,0.6698872785829307,po0.20
5,3.5,24,2.0,5,-0.12850281987907788,-0.2658544200850012,0.08091374475041106,0.06945,-0.0006829227931489212,0.12781989708592897,0.2,24.0,-0.0013750725452646995,0.008717349034634947,99.38270467354438,0.6666666666666666,po0.20
5,3.5,36,3.0,51,-0.04674116211806218,-0.1608955352399048,0.06979625934215612,0.21165,0.06729373977845363,0.11403490189651577,0.3333333333333333,33.86274509803921,-0.005306177672952828,0.025831724006404655,97.63429467276481,0.7055555555555556,po0.20
5,3.5,48,4.0,96,-0.03770190336881144,-0.14030014666657528,0.06736884515003132,0.2417,0.06672350107474806,0.10442540444355952,0.40625,43.46875,-0.006980988631028695,0.04717066390927738,96.89671061966844,0.6873156342182891,po0.20
5,3.5,72,6.0,176,0.007597782407129514,-0.0818719440106014,0.09782543203201591,0.5628,0.1030005228173685,0.09540274041023901,0.4772727272727273,63.27272727272727,0.004726752554769176,0.04558910091344759,102.14470255088644,0.6742556917688266,po0.20
5,3.5,96,8.0,230,-0.046697883523112514,-0.13957158945106113,0.04754424180936067,0.16365,0.047664634361123046,0.09436251788423555,0.41739130434782606,76.44782608695652,-0.022065565656417152,0.11761953532033098,90.44692848798543,0.6853103872157345,po0.20
5,5.0,24,2.0,6,-0.11344624316217437,-0.2020357980250518,-0.03871086637584967,5e-05,-0.028473482547492362,0.08497276061468201,0.16666666666666666,24.0,-0.0013041514167011492,0.005883020171864484,99.41446979615603,0.8571428571428571,po0.20
5,5.0,36,3.0,19,-0.0009927534749898258,-0.12502802551998934,0.14629335031973226,0.4725,0.0733815018570698,0.07437425533205963,0.42105263157894735,35.94736842105263,-0.00028259370777172776,0.006449142784566986,99.87289570581714,0.684931506849315,po0.20
5,5.0,48,4.0,51,-0.017686162576586947,-0.13720495787010675,0.10408393683542462,0.3817,0.05451196055108916,0.07219812312767611,0.43137254901960786,45.705882352941174,-0.002503014281133753,0.020038018195381424,98.8785670429932,0.6162162162162163,po0.20
5,5.0,72,6.0,120,0.014037007212904603,-0.07950297421960248,0.10926785969507526,0.61395,0.08587709327489984,0.07184008606199523,0.43333333333333335,65.3,0.004521901195549516,0.016882648828781543,102.05101879657083,0.6736183524504692,po0.20
5,5.0,96,8.0,168,-0.014242638928936938,-0.1031557543239796,0.07506460775823535,0.3729,0.05555636022628371,0.06979899915522064,0.4642857142857143,86.5952380952381,-0.002702698437845874,0.018977734718390593,98.78952511620182,0.6623748211731044,po0.20
15,2.0,32,8.0,1,-0.09974744036537293,-0.09974744036537293,-0.09974744036537293,0.0,-0.07864757169036132,0.021099868675011624,0.0,32.0,-0.00019808702159307412,0.0008910826452364073,99.91089173547635,0.6436781609195402,po0.20
