strategy,tf,fast,slow,stop_mult,tp_mult,max_hold,n_signals,tr_bars,tr_trades,tr_net_return,tr_cagr,tr_sharpe,tr_sortino,tr_max_dd,tr_calmar,tr_win_rate,tr_profit_factor,tr_expectancy_r,tr_avg_r,tr_best_r,tr_worst_r,tr_avg_bars,tr_total_fees,tr_total_funding,tr_fees_pct_equity,tr_exposure,tr_final_equity,tr_long_trades,tr_short_trades,tr_long_pnl,tr_short_pnl,tr_stop_rate,tr_tp_rate,tr_time_rate,tr_max_dd_days,n,n_z,mult,adx_min,k,bb_n,ratio_n,thresh,adx_max,vol_expand,squeeze_q,flow_thresh,rate_thresh,z_thresh,n_votes,hours,range_n,be_at,trail_at,trail_atr,te_bars,te_trades,te_net_return,te_cagr,te_sharpe,te_sortino,te_max_dd,te_calmar,te_win_rate,te_profit_factor,te_expectancy_r,te_avg_r,te_best_r,te_worst_r,te_avg_bars,te_total_fees,te_total_funding,te_fees_pct_equity,te_exposure,te_final_equity,te_long_trades,te_short_trades,te_long_pnl,te_short_pnl,te_stop_rate,te_tp_rate,te_time_rate,te_max_dd_days,sharpe_decay
combo_breakout_confirmed,30,,,1.8,3.5,48,2382,70124,824,0.0746998006260251,0.01817402911173205,0.025013877593921034,0.012016892191893273,0.30977533928932266,0.05866841806525453,0.529126213592233,1.0149676303566755,0.008941341918893089,0.008941341918893089,1.9105418843258752,-2.1075351739160193,15.942961165048544,71.51723649554522,0.00015624043000000032,0.7151723649554522,0.18733956990474018,107.46998006260252,439,385,70.51793448731516,-63.04795442471272,0.5436893203883495,0.3725728155339806,0.08373786407766991,0.0,48.0,,,18.0,,,,,,1.0,,,,,,,,,,,46751,417,-0.2752243353412218,-0.11370897576933903,-0.06744220043131507,-0.026961113256230265,0.4369000173195394,0.0,0.5059952038369304,0.8735006354662934,-0.0722087459765815,-0.0722087459765815,1.8767244601739794,-2.2205583185932563,14.880095923261392,38.481301805619914,6.208399999999998e-06,0.38481301805619916,0.1327244337019529,72.47756646587781,213,204,-1.9039629298917964,-25.618470604230165,0.580335731414868,0.34532374100719426,0.07434052757793765,0.0,0.09245607802523612
combo_vote,15,,,2.0,0.0,72,12579,140243,3059,-0.8511145328327525,-0.37883049295039695,-0.005497561045052751,-0.0040682983368747925,0.9638597803828772,0.0,0.5439686171951618,0.9646610448814099,-0.0559345510748047,-0.0559345510748047,32.49182077152447,-19.032961112297812,32.50898986596927,387.2654079865837,-0.0001968433600000004,3.872654079865837,0.709090649800703,14.888546716724745,1305,1754,109.1198898383557,-194.2313431216305,0.7724746649231775,0.0,0.2275253350768225,0.0,,,,,,,,,,,,,,,5.0,,,,1.5,2.0,93501,1068,-0.7585148858394795,-0.4130732726466574,-0.05864835015536361,-0.02994736175066401,0.8676449469367429,0.0,0.5514981273408239,0.8580127540144812,-0.15379136451880998,-0.15379136451880998,16.417589666822995,-22.703594332712367,29.756554307116104,135.40319828304632,-1.4207060000000026e-05,1.3540319828304632,0.3398894129474551,24.14851141605205,453,615,-12.850207998898544,-63.00128058504877,0.8249063670411985,0.0,0.1750936329588015,0.0,0.05315078911031086
supertrend_flip,30,,,2.0,4.0,48,2442,70124,1257,-0.24079612950633322,-0.0665549643629666,-0.01224336677055867,-0.007624649993629684,0.544619779472681,0.0,0.5234685759745425,0.9707902677274678,-0.0174547010735076,-0.0174547010735076,1.9675135640834662,-2.666630485928731,17.556085918854414,131.54868422411232,-5.6573230000000025e-05,1.3154868422411232,0.3146996748616736,75.92038704936668,629,628,-5.485773888583977,-18.59383906204956,0.5990453460620525,0.3038981702466189,0.09705648369132856,0.0,10.0,,3.0,,,,,,,,,,,,,,,,,,46751,550,-0.3797943399955279,-0.16401035709868073,-0.08898162772140514,-0.04164540008540735,0.44745709086334784,0.0,0.509090909090909,0.8437726919748509,-0.11024524780514632,-0.11024524780514632,1.9126305758839197,-2.421397924663752,15.149090909090908,55.1506675232428,3.921689999999998e-06,0.551506675232428,0.17822078672113967,62.020566000447204,275,275,-22.976260695256638,-15.003173304295967,0.6163636363636363,0.3054545454545455,0.07818181818181819,0.0,0.07673826095084647
combo_vwap_trend_aware,30,,,1.8,2.2,30,3215,70124,703,-0.14521335076815634,-0.03846754722442469,-0.020764638592169992,-0.007575518320250229,0.2701434059114536,0.0,0.5263157894736842,0.9477209386927096,-0.023232828668672798,-0.023232828668672798,1.1842801883424519,-1.577442707222757,10.22475106685633,57.48083620508317,-7.097387000000007e-05,0.5748083620508317,0.10250413553134448,85.47866492318437,298,405,-32.282711845744444,17.761376768928773,0.5419630156472262,0.35135135135135137,0.10668563300142248,0.0,,1.8,,,,,,,28.0,,,,,,,,,,,,46751,391,-0.398293111955175,-0.17344954619085828,-0.16173340685123447,-0.05283058469794042,0.45384510204397743,0.0,0.4884910485933504,0.7452207990142186,-0.15882215155335525,-0.15882215155335525,1.1695244419778446,-1.4500313457707863,9.084398976982097,33.758522468668545,-3.33607e-06,0.33758522468668545,0.0759769844495305,60.170688804482495,171,220,-41.303590879406755,1.4742796838891619,0.5882352941176471,0.340153452685422,0.07161125319693094,0.0,0.1409687682590645
combo_funding_reversion,15,,,1.8,2.2,30,4220,140243,552,-0.1591509401645106,-0.042410793292503635,-0.022921091096101128,-0.005120699387927158,0.1835841618919707,0.0,0.5615942028985508,0.9289514986876112,-0.028433020931320416,-0.028433020931320416,1.1986879548769105,-1.489086084294812,10.06340579710145,47.72130119415718,-0.0002926473999999998,0.4772130119415718,0.03960982009797281,84.08490598354894,22,530,-1.6454168159837428,-14.269677200467338,0.5398550724637681,0.38405797101449274,0.07608695652173914,0.0,,,,,,,,,,,,,0.0002,1.5,,,,,,,93501,134,0.18686358154137928,0.06635129685566366,0.08869317582565578,0.012334508933673102,0.10272489580110233,0.6459125252765809,0.6567164179104478,1.3438653852885674,0.1384861433936292,0.1384861433936292,0.9574918412833051,-1.4733265381882819,9.007462686567164,18.266255608346427,-2.5229649999999997e-05,0.18266255608346427,0.012908952845424114,118.68635815413792,0,134,0.0,18.68635815413784,0.6417910447761194,0.31343283582089554,0.04477611940298507,0.0,-0.11161426692175691
combo_breakout_confirmed,15,,,2.0,0.0,72,4880,140243,1402,-0.4873317046757737,-0.15382910991000787,-0.02717890839105599,-0.01293223386179317,0.5860849315508845,0.0,0.4950071326676177,0.9101541880156712,-0.0495001568908828,-0.0495001568908828,11.94860017265566,-11.565770560942275,24.31312410841655,113.44246392980732,0.00013930467000000045,1.1344246392980732,0.243056694451773,51.266829532422626,699,703,-83.11446419414973,34.38129372657274,0.8808844507845934,0.0,0.11911554921540657,0.0,48.0,,,18.0,,,,,,,,,,,,,,,1.2,2.0,93501,703,-0.5985071182761097,-0.2898024108665298,-0.11855693859719084,-0.0444433186353919,0.7061420007236929,0.0,0.4779516358463727,0.7905580835048538,-0.15877700307649392,-0.15877700307649392,6.7078382425902365,-11.740038950301356,19.846372688477953,77.40694985006515,1.2388009999999996e-05,0.7740694985006514,0.14921765542614518,40.149288172389035,356,347,-73.00223419643355,13.151522368822489,0.9103840682788051,0.0,0.08961593172119488,0.0,0.09137803020613484
vwap_reversion,30,,,2.0,2.0,36,9614,70124,1505,-0.30290136641166865,-0.08626041345020874,-0.040159085919457875,-0.02414225139054747,0.5720954461051699,0.0,0.5235880398671097,0.9527569166383708,-0.026718546717624417,-0.026718546717624417,0.9922555697570971,-1.378147452913066,11.15548172757475,105.51899214358951,-0.00015717597000000028,1.055189921435895,0.2394187439393075,69.70986335883313,665,840,-128.885944050114,98.59580740894826,0.5441860465116279,0.373421926910299,0.0823920265780731,0.0,,2.0,,,,,,,,,,,,,,,,,,,46751,499,-0.3931082842074738,-0.17078585180432926,-0.1451158112395961,-0.05678002938559536,0.47344178525288294,0.0,0.49298597194388777,0.7916319533729467,-0.11746506587302728,-0.11746506587302728,0.9513195252333646,-1.2692214986410044,9.72745490981964,38.884746441711435,-6.678180000000002e-06,0.3888474644171144,0.10382665611430772,60.68917157925262,220,279,-51.11831443495507,11.807486014207605,0.561122244488978,0.3807615230460922,0.05811623246492986,0.0,0.10495672532013822
combo_funding_reversion,30,,,1.8,2.2,30,2679,70124,299,-0.19286188752862943,-0.05215723316238274,-0.046846038524714445,-0.011057580579427956,0.26086277774437416,0.0,0.5250836120401338,0.8611822659702799,-0.08116094789144147,-0.08116094789144147,1.2022958285032146,-1.3663888266321507,9.97324414715719,18.77317504871724,-0.0003354774199999999,0.1877317504871724,0.04252467058353773,80.71381124713706,17,282,1.952144454385074,-21.238333207248004,0.5016722408026756,0.43478260869565216,0.06354515050167224,0.0,,,,,,,,,,,,,0.0002,1.5,,,,,,,46751,72,0.09909854398620421,0.03606913774392262,0.0694695616000919,0.011067723593874541,0.06325281832110852,0.5702376384371437,0.6388888888888888,1.3807248735791433,0.1535677406651521,0.1535677406651521,0.9541188095137368,-1.352251213658693,9.277777777777779,6.53392928072961,-1.7100129999999998e-05,0.0653392928072961,0.014288464417873414,109.90985439862042,0,72,0.0,9.909854398620519,0.6388888888888888,0.3055555555555556,0.05555555555555555,0.0,-0.11631560012480635
donchian_breakout,30,,,2.0,3.0,48,3858,70124,1194,-0.4298361298660862,-0.13104320487308463,-0.06430026002048303,-0.037496835696832084,0.5398400443413097,0.0,0.4949748743718593,0.9165048339600175,-0.050101191785943223,-0.050101191785943223,1.4696626708932876,-1.6412468948515213,14.554438860971525,65.83033493458157,0.00014562305000000004,0.6583033493458157,0.24781815070446636,57.01638701339137,694,500,-3.0157000856813645,-39.967912900927274,0.5376884422110553,0.40619765494137355,0.05611390284757119,0.0,60.0,,,,,,,,,,,,,,,,,,,,46751,459,-0.3850505906691183,-0.16667430966056973,-0.12148699641287708,-0.05069741460055284,0.46373893757382423,0.0,0.485838779956427,0.8143700355525183,-0.12478065858119582,-0.12478065858119582,1.4263651405762596,-1.643357577642696,12.540305010893245,34.70191569298807,8.990019999999993e-06,0.34701915692988067,0.12312036106179547,61.494940933088166,265,194,-13.36073675241828,-25.144322314493476,0.5555555555555556,0.4117647058823529,0.032679738562091505,0.0,0.05718673639239405
combo_session_window,30,,,1.6,2.5,18,1001,70124,408,-0.30164823286631237,-0.08585003418857773,-0.07802969322971315,-0.018393164248311153,0.43593077592767737,0.0,0.4950980392156863,0.8576574945290455,-0.1004893881133539,-0.1004893881133539,1.5230780047864527,-1.8478345614281477,6.502450980392157,44.07789705026624,-1.2955230000000011e-05,0.44077897050266235,0.03783298157549484,69.83517671336877,229,179,-12.583863201623025,-17.580960085008304,0.5318627450980392,0.35784313725490197,0.11029411764705882,0.0,,,,,,,,,,,,,,,,"(13, 14)",24.0,,,,46751,304,-0.5097501868307555,-0.23456813354096895,-0.2466862138212999,-0.05239779317394668,0.5316337762142638,0.0,0.4407894736842105,0.5994529887265413,-0.30151866191836146,-0.30151866191836146,1.4706751444703312,-1.8230087597215516,4.894736842105263,30.71531476461877,-7.639599999999999e-07,0.30715314764618773,0.03182819618831683,49.024981316924446,167,137,-32.95232676197325,-18.022691921102297,0.5789473684210527,0.35526315789473684,0.06578947368421052,0.0,0.16865652059158676
donchian_breakout,15,,,2.0,0.0,72,7762,140243,1812,-0.7134920861233163,-0.26838564136580845,-0.08611652573600237,-0.04875397388494944,0.7330163993968546,0.0,0.4928256070640177,0.8683935824371711,-0.07489655956615753,-0.07489655956615753,4.790183679591894,-7.450701562105318,22.22019867549669,107.35149465343,0.0001705663300000001,1.0735149465343,0.2870945430431465,28.65079138766837,987,825,-160.47094451018697,89.12173589785534,0.9288079470198676,0.0,0.0706401766004415,0.0,60.0,,,,,,,,,,,,,,,,,,1.5,2.0,93501,882,-0.5759962457389138,-0.2751241379342658,-0.10596278571679993,-0.046621061590184254,0.6475597186949773,0.0,0.4977324263038549,0.8274132530534687,-0.1087198721374638,-0.1087198721374638,5.165859913312047,-8.57719309774448,19.750566893424036,84.59976756695833,1.2243690000000014e-05,0.8459976756695834,0.18630816782708207,42.40037542610861,459,423,-95.93198577466683,38.3323612007755,0.9387755102040817,0.0,0.061224489795918366,0.0,0.01984625998079756
flow_momentum,15,,,2.0,3.0,24,1072,140243,182,-0.2631420373746787,-0.07349989587008487,-0.0873684701520492,-0.01277259723613752,0.2901021735296203,0.0,0.5164835164835165,0.7177154292107375,-0.1732171625553172,-0.1732171625553172,1.4539962842046932,-2.1794146584317207,11.153846153846153,37.056027423568906,-1.5488210000000006e-05,0.37056027423568905,0.0144748757513744,73.68579626253214,85,97,-21.56834740989277,-4.745856327575063,0.532967032967033,0.2967032967032967,0.17032967032967034,0.0,,,,,,,20.0,0.56,,,,,,,,,,,,,93501,109,-0.2803536889343329,-0.11606635675272559,-0.16940244154622036,-0.02051125579868746,0.30093299386649386,0.0,0.45871559633027525,0.49630424407362494,-0.36044545604296724,-0.36044545604296724,1.3152374110373513,-2.0383773605151196,10.587155963302752,25.54724856359409,1.9800999999999996e-07,0.2554724856359409,0.01234211398808569,71.96463110656671,41,68,-9.806011108211726,-18.22935778522152,0.47706422018348627,0.3394495412844037,0.1834862385321101,0.0,0.08203397139417117
combo_vote,30,,,1.8,3.0,36,5945,70124,2220,-0.6880902945565046,-0.25268514606866277,-0.0877993407959326,-0.06600193638532155,0.7954043779448529,0.0,0.5324324324324324,0.9226348096102691,-0.061612355404290615,-0.061612355404290615,1.632781936985602,-2.4075339288097446,13.727027027027027,158.3479203672536,-0.00012779219,1.583479203672536,0.43457304203981517,31.190970544349533,911,1309,-42.55923716522869,-26.24979229042116,0.5666666666666667,0.3279279279279279,0.10540540540540541,0.0,,,,,,,,,,,,,,,5.0,,,,,,46751,939,-0.5362793138306167,-0.2503713504864655,-0.11664933798743768,-0.06432725561238695,0.6344575921013438,0.0,0.5399361022364217,0.8554556861752646,-0.0977856831934856,-0.0977856831934856,1.5793519686100046,-2.1725806502058744,12.328008519701811,96.17581890203475,-1.1049480000000004e-05,0.9617581890203475,0.24760967679835724,46.372068616938336,391,548,-2.699404486475349,-50.928526896586554,0.5452609158679447,0.36741214057507987,0.08732694355697551,0.0,0.028849997191505078
donchian_breakout,15,,,2.0,3.0,48,7762,140243,2245,-0.6779202540788781,-0.2466633444970433,-0.09590297700437798,-0.05348426177069331,0.7006356405818515,0.0,0.512694877505568,0.8977603274723535,-0.04959038971045405,-0.04959038971045405,1.4641960488087356,-1.6927494244890469,13.293095768374165,124.4563247254269,0.00011066325000000017,1.244563247254269,0.21279493450653508,32.20797459211219,1257,988,-43.14554551993152,-24.646479887956556,0.5505567928730513,0.3870824053452116,0.061915367483296214,0.0,60.0,,,,,,,,,,,,,,,,,,,,93501,833,-0.6245764414738877,-0.3074588708263335,-0.1876479234748605,-0.07721543611561686,0.6946505547435203,0.0,0.4957983193277311,0.802857509394156,-0.13875139118681243,-0.13875139118681243,1.4226160024469268,-1.7271666701348172,12.633853541416567,74.32874730478432,1.2131300000000007e-05,0.7432874730478432,0.1125549459364071,37.54235585261124,460,373,-42.972428062573286,-19.485216084815534,0.575030012004802,0.37695078031212487,0.04801920768307323,0.0,0.09174494647048252
combo_breakout_confirmed,15,,,1.8,3.5,48,4880,140243,1552,-0.6870197742210891,-0.2520416301434898,-0.10306301335824856,-0.04553524030036722,0.7334572868059742,0.0,0.5096649484536082,0.868880744936596,-0.09042680513992278,-0.09042680513992278,1.8961522052903979,-2.2497009313820606,14.074742268041238,101.37881697246127,6.838836000000017e-05,1.0137881697246127,0.1557582196615874,31.298022577891086,789,763,-5.563150438630822,-63.1388269834781,0.5786082474226805,0.3389175257731959,0.08247422680412371,0.0,48.0,,,18.0,,,,,,1.0,,,,,,,,,,,93501,686,-0.6786463431114623,-0.3466908852010153,-0.2089689137971036,-0.07121502065057055,0.7266602770161343,0.0,0.4868804664723032,0.7596383742003209,-0.21084392344122824,-0.21084392344122824,1.8582678082743669,-2.3031647264026582,12.380466472303207,70.9972794777923,2.2580600000000006e-06,0.7099727947779231,0.09083325312028748,32.13536568885377,353,333,-44.85332025754801,-23.01131405359838,0.6370262390670554,0.29737609329446063,0.06559766763848396,0.0,0.10590590043885505
bb_reversion,30,,,1.8,1.6,24,5707,70124,1344,-0.5009984081131713,-0.15952784407997733,-0.10782103332532467,-0.051452647042923516,0.6301792527205339,0.0,0.5089285714285714,0.8907776871982623,-0.05803246874655449,-0.05803246874655449,0.9741020782717758,-1.410138106455673,7.076636904761905,91.67093747055104,-0.00011374902000000016,0.9167093747055104,0.13563116764588443,49.90015918868287,588,756,-111.70004823405291,61.6002074227357,0.5364583333333334,0.39880952380952384,0.06473214285714286,0.0,48.0,,,,2.2,,,,,,,,,,,,,,,,46751,486,-0.5075210264137304,-0.23326482972355256,-0.24025489783530432,-0.07738113504516343,0.5750387082051551,0.0,0.4670781893004115,0.7056545052044133,-0.18884987353221414,-0.18884987353221414,0.9541188095137368,-1.4493460653839685,5.8580246913580245,44.49125244755048,-5.705209999999999e-06,0.4449125244755048,0.060897093110307804,49.24789735862696,205,281,-43.012992298083496,-7.739110343289459,0.5164609053497943,0.4547325102880658,0.02880658436213992,0.0,0.13243386450997965
combo_vote,5,,,2.0,0.0,72,41545,420722,1542,-0.9835279617778185,-0.6417512231483988,-0.13524124537826565,-0.039793012216787764,0.9871594641368535,0.0,0.5188067444876784,0.7238457231644133,-0.27799658718982984,-0.27799658718982984,22.67557470854021,-27.29876827673752,30.094682230869,109.78493126708216,-0.00015337252000000004,1.0978493126708215,0.11030086375326224,1.6472038222181424,684,858,-47.07353162807961,-51.27926454970216,0.8009079118028535,0.0,0.19909208819714655,0.0,,,,,,,,,,,,,,,5.0,,,,1.5,2.0,280492,1035,-0.9370494604907691,-0.6454930154031107,-0.16360938497889504,-0.047413179958602,0.953930488032692,0.0,0.5169082125603864,0.7369241749405361,-0.3355041950518262,-0.3355041950518262,20.337762001714992,-20.555902461863884,27.979710144927537,137.42869747401525,-9.03404e-06,1.3742869747401525,0.10324358626984013,6.295053950923092,459,576,-57.87347104693478,-35.831475002142206,0.8454106280193237,0.0,0.15458937198067632,0.0,0.028368139600629394
adx_trend,30,,,2.0,3.5,36,16955,70124,1570,-0.7325842128436417,-0.28089439058047616,-0.13599321930864594,-0.08760217811901563,0.7525262411354797,0.0,0.4910828025477707,0.8595164040477857,-0.09497502527722197,-0.09497502527722197,1.7163817399183632,-2.5003105507216987,16.894267515923566,83.34159882598384,0.0001804981800000002,0.8334159882598384,0.3782442530374765,26.741578715635825,819,751,-40.16286231073016,-33.095558973634596,0.5331210191082802,0.289171974522293,0.17770700636942674,0.0,,,,22.0,,,,,,,,,,,,,,,,,46751,634,-0.45286164645602756,-0.20239763195955862,-0.11830030874467355,-0.05719877334562864,0.4947355448955786,0.0,0.5047318611987381,0.815042319052579,-0.11507264053987876,-0.11507264053987876,1.6720544087684495,-2.0609228552897494,15.088328075709779,54.62259222020735,5.040019999999998e-06,0.5462259222020736,0.20461594404397768,54.71383535439725,341,293,-24.728778541779704,-20.557386103823116,0.5599369085173501,0.32334384858044163,0.1167192429022082,0.0,-0.01769291056397239
combo_vol_flow,15,,,1.8,3.0,30,1147,140243,367,-0.544420530037405,-0.17843899208108593,-0.14683221434441596,-0.029326249190756284,0.6278791690541563,0.0,0.5286103542234333,0.7478826002970509,-0.22234662247883535,-0.22234662247883535,1.6140853062014606,-3.4699108743172093,10.419618528610354,89.5306789870643,-4.565485000000001e-05,0.895306789870643,0.027266958065643204,45.557946996259496,181,186,-31.10659097575163,-23.33546202798869,0.5749318801089919,0.3569482288828338,0.0681198910081744,0.0,,,,,,,20.0,,,,0.2,0.53,,,,,,,,,93501,377,-0.4792699537955173,-0.21705773306643739,-0.15739048326083036,-0.03739015473770466,0.5370480256554953,0.0,0.5729442970822282,0.7205950232117042,-0.20238613886799708,-0.20238613886799708,1.4992477575337484,-2.28124585810758,9.63129973474801,97.04429388440558,-4.5379999999999963e-07,0.9704429388440557,0.03883380926407204,52.073004620448266,149,228,-38.72678861105661,-9.200206768495145,0.6392572944297082,0.3156498673740053,0.04509283819628647,0.0,0.010558268916414398
combo_vol_flow,15,,,1.8,4.0,48,1147,140243,354,-0.5654075067655746,-0.18806873537381874,-0.15832327960460982,-0.03265394469212569,0.5943124320365305,0.0,0.4406779661016949,0.6840403585080781,-0.2541681016759074,-0.2541681016759074,2.1692520284236774,-3.4699108743172085,11.833333333333334,80.20336809940336,-4.136021000000003e-05,0.8020336809940336,0.029869583508624318,43.45924932344254,174,180,-58.138003382342305,1.5972527057850439,0.7994350282485876,0.17796610169491525,0.022598870056497175,0.0,,,,,,,,,,,0.2,,,,,,,1.2,2.0,1.8,93501,360,-0.5116614164875322,-0.2356885078265769,-0.17360167147065014,-0.04272345080035147,0.5550823282231251,0.0,0.4861111111111111,0.6650859747785504,-0.23000017494846683,-0.23000017494846683,2.05441447975599,-2.833882024014773,11.075,92.59717919302699,-5.3036e-07,0.9259717919302699,0.042641255173741455,48.83385835124678,144,216,-58.430736682716315,7.264595033963118,0.8472222222222222,0.14166666666666666,0.011111111111111112,0.0,0.015278391866040325
