strategy,tf,fast,slow,stop_mult,tp_mult,max_hold,n_signals,tr_bars,tr_trades,tr_net_return,tr_cagr,tr_sharpe,tr_sortino,tr_max_dd,tr_calmar,tr_win_rate,tr_profit_factor,tr_expectancy_r,tr_avg_r,tr_best_r,tr_worst_r,tr_avg_bars,tr_total_fees,tr_total_funding,tr_fees_pct_equity,tr_exposure,tr_final_equity,tr_long_trades,tr_short_trades,tr_long_pnl,tr_short_pnl,tr_stop_rate,tr_tp_rate,tr_time_rate,tr_max_dd_days,n,n_z,mult,adx_min,k,bb_n,ratio_n,thresh,adx_max,vol_expand,squeeze_q,flow_thresh,rate_thresh,z_thresh,n_votes,hours,range_n,be_at,trail_at,trail_atr
ema_trend,3,20.0,50.0,2.0,4.0,36,220091,701203,1219,-0.9910695537796846,-0.6925908225443199,-0.5428671858747774,-0.11829188492060162,0.9911379161786833,0.0,0.3609515996718622,0.5285539851278921,-0.45163474106087514,-0.45163474106087514,1.9654520665372055,-2.6393288746153685,17.310090237899917,98.25107852750554,0.0001933136000000001,0.9825107852750554,0.03009256948415794,0.8930446220315318,1148,71,-95.36077727928172,-3.7461780986867437,0.5660377358490566,0.23954060705496308,0.1944216570959803,0.0,,,,,,,,,,,,,,,,,,,,
donchian_breakout,3,,,2.0,3.0,48,42633,701203,1798,-0.9839165520038741,-0.6438823400466909,-0.41956236874774083,-0.08654774795490414,0.9849091798123948,0.0,0.5016685205784205,0.6771070764047712,-0.26208884196528937,-0.26208884196528937,1.4511206498164835,-2.2541006801847896,10.13959955506118,131.85804548701785,-2.653100000000017e-07,1.3185804548701785,0.02599960353849028,1.6083447996125964,1018,780,-97.97042094414958,-0.42123425623776223,0.6268075639599555,0.3403781979977753,0.03281423804226919,0.0,60.0,,,,,,,,,,,,,,,,,,,
vwap_reversion,3,,,2.0,2.0,36,269331,701203,1893,-0.9910499520465657,-0.6924222750768693,-0.5058336618097885,-0.09733037078172847,0.9911415774881369,0.0,0.5139989434759641,0.5860082108199461,-0.27201742255952477,-0.27201742255952477,0.9858783980310126,-2.7457880533393415,8.960908610670893,127.96279405074323,-7.942367000000002e-05,1.2796279405074322,0.024191282695595995,0.8950047953434364,829,1064,-58.38210134167633,-40.72289386298026,0.5309033280507132,0.4294770206022187,0.039619651347068144,0.0,,2.0,,,,,,,,,,,,,,,,,,
supertrend_flip,3,,,2.0,4.0,48,32329,701203,1441,-0.9910434587941487,-0.6923665032423584,-0.43980137633867045,-0.09369782290083627,0.9910717903376174,0.0,0.4850798056904927,0.543435160410775,-0.3854361106586049,-0.3854361106586049,1.9852687824431414,-2.841600039067024,16.414295628036086,105.81354016964677,4.867533e-05,1.0581354016964677,0.03373202909856347,0.8956541205851362,736,705,-84.81090092727293,-14.293444952141957,0.6578764746703678,0.2532963219986121,0.08882720333102012,0.0,10.0,,3.0,,,,,,,,,,,,,,,,,
adx_trend,3,,,2.0,3.5,36,163513,701203,1732,-0.9909602020868753,-0.6916540679530842,-0.42166809392822485,-0.0949812850836147,0.9915443351264143,0.0,0.4780600461893764,0.6005102527489636,-0.3094313342196211,-0.3094313342196211,1.7156270415372061,-3.0328679288618425,18.55254041570439,111.01020472455379,-1.6468399999999993e-05,1.1101020472455378,0.04582553126555363,0.9039797913124751,828,904,-62.2910749652904,-36.80494524339705,0.5132794457274826,0.27713625866050806,0.20958429561200922,0.0,,,,22.0,,,,,,,,,,,,,,,,
ema_trend,5,20.0,50.0,2.0,4.0,36,132264,420722,1501,-0.9910077773137591,-0.6920612575365781,-0.6068374590878827,-0.19518103009545507,0.9910106983309278,0.0,0.36575616255829446,0.6595989077394717,-0.3631420100127254,-0.3631420100127254,1.9676528878642616,-2.664239357326896,18.20919387075283,102.4710667538944,0.0003944180700000005,1.0247106675389441,0.06496451338413489,0.8992222686240903,1407,94,-96.26213346331768,-2.838644268058286,0.5609593604263824,0.2211858760826116,0.217854763491006,0.0,,,,,,,,,,,,,,,,,,,,
donchian_breakout,5,,,2.0,3.0,48,24482,420722,1501,-0.9686363622414844,-0.5791718134771816,-0.3814544252709022,-0.09373240509805976,0.9686363622414844,0.0,0.4696868754163891,0.6724070795621928,-0.26222123237447664,-0.26222123237447664,1.4536391180617458,-2.1193477430061485,11.334443704197202,90.85865244013573,-3.066866999999998e-05,0.9085865244013572,0.04043762864789576,3.1363637758515597,872,629,-71.68452617818373,-25.179110045964727,0.5929380413057961,0.36575616255829446,0.041305796135909394,0.0,60.0,,,,,,,,,,,,,,,,,,,
vwap_reversion,5,,,2.0,2.0,36,115463,420722,1934,-0.9836674634181931,-0.6425121495819052,-0.4625049740366596,-0.11661409303188632,0.9837246040370211,0.0,0.4984488107549121,0.6865627062246425,-0.2406931812387337,-0.2406931812387337,0.9877311786134122,-4.524069989964051,9.29731127197518,118.94756899170581,-6.419886999999998e-05,1.189475689917058,0.04273843535636358,1.6332536581806867,785,1149,-77.38515252314923,-20.981593818670117,0.5403309203722855,0.4048603929679421,0.05480868665977249,0.0,,2.0,,,,,,,,,,,,,,,,,,
supertrend_flip,5,,,2.0,4.0,48,17573,420722,1413,-0.9836722188934202,-0.6425381746016824,-0.3830222008604778,-0.1051158911408582,0.9838221854136798,0.0,0.4975230007077141,0.6622874194402465,-0.32185344895094975,-0.32185344895094975,1.9351769070120384,-3.2351535468587715,16.881811748053785,103.68496163105885,7.734813000000012e-05,1.0368496163105885,0.05669777192540442,1.6327781106579855,719,694,-78.37013824986806,-19.9970836394739,0.6496815286624203,0.2526539278131635,0.09766454352441614,0.0,10.0,,3.0,,,,,,,,,,,,,,,,,
adx_trend,5,,,2.0,3.5,36,98801,420722,1611,-0.9837110240731661,-0.642750754255526,-0.38444942316300085,-0.11157271896621339,0.9841491267504112,0.0,0.46741154562383613,0.6619118116925615,-0.28573040998177107,-0.28573040998177107,1.7189995614760654,-2.9363349777979395,19.318435754189945,102.29729384462512,-1.0442809999999998e-05,1.0229729384462511,0.07397283717038805,1.6288975926833833,768,843,-60.91781650575125,-37.45328590156528,0.5121042830540037,0.25884543761638734,0.22905027932960895,0.0,,,,22.0,,,,,,,,,,,,,,,,
ema_trend,15,20.0,50.0,2.0,4.0,36,42785,140243,1640,-0.9543843658025503,-0.5378599051852286,-0.3950186263523386,-0.22930051377249105,0.9569922849919498,0.0,0.3884146341463415,0.7481546407993175,-0.21958161205677726,-0.21958161205677726,1.959574122627288,-3.135208979760538,17.457926829268292,87.40086637795838,0.0005911794499999949,0.8740086637795837,0.20415279193970465,4.561563419744969,1549,91,-90.14465657661349,-5.293780003641428,0.551829268292683,0.2554878048780488,0.1926829268292683,0.0,,,,,,,,,,,,,,,,,,,,
donchian_breakout,15,,,2.0,3.0,48,7762,140243,2245,-0.6779202540788781,-0.2466633444970433,-0.09590297700437798,-0.05348426177069331,0.7006356405818515,0.0,0.512694877505568,0.8977603274723535,-0.04959038971045405,-0.04959038971045405,1.4641960488087356,-1.6927494244890469,13.293095768374165,124.4563247254269,0.00011066325000000017,1.244563247254269,0.21279493450653508,32.20797459211219,1257,988,-43.14554551993152,-24.646479887956556,0.5505567928730513,0.3870824053452116,0.061915367483296214,0.0,60.0,,,,,,,,,,,,,,,,,,,
vwap_reversion,15,,,2.0,2.0,36,23835,140243,2359,-0.8217642459943568,-0.3502503761528293,-0.18592611540399354,-0.09224790734451634,0.8522034985430419,0.0,0.5175922000847817,0.8626547421561351,-0.08169195163066408,-0.08169195163066408,0.9912754606443637,-2.0221482137103632,10.148367952522255,142.93344427617413,-0.0001539163900000002,1.4293344427617414,0.1707037071368981,17.823575400564316,1049,1310,-134.52950482339287,52.353080223957186,0.5421788893598982,0.387452310300975,0.07036880033912675,0.0,,2.0,,,,,,,,,,,,,,,,,,
supertrend_flip,15,,,2.0,4.0,48,4984,140243,2012,-0.9244371560950333,-0.47570818844374274,-0.21073528707451344,-0.11694234509983675,0.9361816126264697,0.0,0.4960238568588469,0.8597712323869209,-0.15183173115133014,-0.15183173115133014,1.953646334204687,-2.7076425983420536,17.443836978131213,133.41390085346958,-2.809674999999997e-05,1.3341390085346958,0.2502584799241317,7.556284390496672,1014,998,-55.90514945269656,-36.53856615680707,0.6078528827037774,0.28628230616302186,0.1058648111332008,0.0,10.0,,3.0,,,,,,,,,,,,,,,,,
adx_trend,15,,,2.0,3.5,36,33843,140243,2195,-0.9313270222594092,-0.488091521038548,-0.22638758143182733,-0.1278859663981161,0.9398759638393143,0.0,0.48838268792710704,0.8308036304548722,-0.13576954712334172,-0.13576954712334172,1.705351459193268,-3.1064165055126716,17.803189066059225,127.8772096630367,0.00017186022,1.2787720966303668,0.27864492345429004,6.867297774059073,1125,1070,-48.012726286598536,-45.11997593934233,0.5248291571753987,0.27790432801822323,0.19726651480637813,0.0,,,,22.0,,,,,,,,,,,,,,,,
ema_trend,30,20.0,50.0,2.0,4.0,36,20976,70124,1442,-0.8241257038282326,-0.35241733994137303,-0.2354706651328963,-0.17299652711803895,0.8477484138299672,0.0,0.39181692094313453,0.8284304096307161,-0.13819477652445883,-0.13819477652445883,1.9679229581412199,-2.2917080137734933,17.010402219140083,76.79379227598415,0.0006525710699999864,0.7679379227598414,0.34979464947806743,17.58742961717674,1349,93,-67.10101466709212,-15.311555715731203,0.5540915395284327,0.25728155339805825,0.18862690707350901,0.0,,,,,,,,,,,,,,,,,,,,
donchian_breakout,30,,,2.0,3.0,48,3858,70124,1194,-0.4298361298660862,-0.13104320487308463,-0.06430026002048303,-0.037496835696832084,0.5398400443413097,0.0,0.4949748743718593,0.9165048339600175,-0.050101191785943223,-0.050101191785943223,1.4696626708932876,-1.6412468948515213,14.554438860971525,65.83033493458157,0.00014562305000000004,0.6583033493458157,0.24781815070446636,57.01638701339137,694,500,-3.0157000856813645,-39.967912900927274,0.5376884422110553,0.40619765494137355,0.05611390284757119,0.0,60.0,,,,,,,,,,,,,,,,,,,
vwap_reversion,30,,,2.0,2.0,36,9614,70124,1505,-0.30290136641166865,-0.08626041345020874,-0.040159085919457875,-0.02414225139054747,0.5720954461051699,0.0,0.5235880398671097,0.9527569166383708,-0.026718546717624417,-0.026718546717624417,0.9922555697570971,-1.378147452913066,11.15548172757475,105.51899214358951,-0.00015717597000000028,1.055189921435895,0.2394187439393075,69.70986335883313,665,840,-128.885944050114,98.59580740894826,0.5441860465116279,0.373421926910299,0.0823920265780731,0.0,,2.0,,,,,,,,,,,,,,,,,,
supertrend_flip,30,,,2.0,4.0,48,2442,70124,1257,-0.24079612950633322,-0.0665549643629666,-0.01224336677055867,-0.007624649993629684,0.544619779472681,0.0,0.5234685759745425,0.9707902677274678,-0.0174547010735076,-0.0174547010735076,1.9675135640834662,-2.666630485928731,17.556085918854414,131.54868422411232,-5.6573230000000025e-05,1.3154868422411232,0.3146996748616736,75.92038704936668,629,628,-5.485773888583977,-18.59383906204956,0.5990453460620525,0.3038981702466189,0.09705648369132856,0.0,10.0,,3.0,,,,,,,,,,,,,,,,,
adx_trend,30,,,2.0,3.5,36,16955,70124,1570,-0.7325842128436417,-0.28089439058047616,-0.13599321930864594,-0.08760217811901563,0.7525262411354797,0.0,0.4910828025477707,0.8595164040477857,-0.09497502527722197,-0.09497502527722197,1.7163817399183632,-2.5003105507216987,16.894267515923566,83.34159882598384,0.0001804981800000002,0.8334159882598384,0.3782442530374765,26.741578715635825,819,751,-40.16286231073016,-33.095558973634596,0.5331210191082802,0.289171974522293,0.17770700636942674,0.0,,,,22.0,,,,,,,,,,,,,,,,
bb_reversion,3,,,1.8,1.6,24,41779,701203,1821,-0.987820227821786,-0.6677932700180205,-0.5901489593630552,-0.07985118532822673,0.987820227821786,0.0,0.5052169137836353,0.5923458694366668,-0.28266487273989205,-0.28266487273989205,0.9654229308063265,-3.300368103781916,4.464579901153212,131.324092084393,5.187799999999998e-06,1.31324092084393,0.011594359978494102,1.2179772178214023,816,1005,-65.97419944764063,-32.80782333453786,0.4914881933003844,0.4783086216364635,0.030203185063152116,0.0,48.0,,,,2.2,,,,,,,,,,,,,,,
squeeze_expansion,3,,,2.0,3.0,36,30051,701203,1374,-0.9910314266333965,-0.6922632367329626,-0.5269317512350994,-0.09465759646397132,0.9910962872197909,0.0,0.49708879184861715,0.5033794378007359,-0.4005887980746244,-0.4005887980746244,1.4145411586140353,-2.5770204122179545,11.100436681222707,116.7411048665325,2.0114179999999997e-05,1.1674110486653249,0.02175119045411956,0.8968573366603528,701,673,-66.8796286662675,-32.22351399707235,0.574235807860262,0.3697234352256186,0.05604075691411936,0.0,,,,,,48.0,,,,,,,,,,,,,,
flow_momentum,3,,,2.0,3.0,24,55479,701203,1338,-0.9909833662167458,-0.6918517897218299,-0.5745101279396015,-0.0982596425890645,0.9909833662167458,0.0,0.45366218236173395,0.5315621615666561,-0.3999555834873434,-0.3999555834873434,1.4497816914242796,-2.8810277732229026,10.307922272047833,116.94833634976041,-2.7067169999999992e-05,1.169483363497604,0.019669054467821728,0.901663378325425,810,528,-77.60575964838999,-21.49257697328452,0.5568011958146487,0.2929745889387145,0.15022421524663676,0.0,,,,,,,20.0,0.56,,,,,,,,,,,,
bb_reversion,5,,,1.8,1.6,24,25766,420722,1684,-0.9764271745720915,-0.608167030106524,-0.516195722084832,-0.09105163440040918,0.9765146172320794,0.0,0.4982185273159145,0.6626634804984359,-0.2581025480987151,-0.2581025480987151,0.966142605215411,-3.545143874102523,5.042755344418052,123.17298440483182,7.962299999999986e-07,1.2317298440483182,0.02018434976064955,2.357282542790846,744,940,-76.41274681398119,-21.22997064322802,0.498812351543943,0.4679334916864608,0.0332541567695962,0.0,48.0,,,,2.2,,,,,,,,,,,,,,,
squeeze_expansion,5,,,2.0,3.0,36,18166,420722,1188,-0.9836425133197276,-0.642375699643583,-0.48122042915484275,-0.10421084373425898,0.9836425133197276,0.0,0.48653198653198654,0.5740686704960938,-0.38338402226476465,-0.38338402226476465,1.4058224396874959,-3.238227423432213,10.998316498316498,101.60864808492778,2.1534229999999997e-05,1.0160864808492778,0.031056136831446892,1.6357486680272346,630,558,-63.14471684955266,-35.219534482420194,0.5858585858585859,0.3720538720538721,0.04208754208754209,0.0,,,,,,48.0,,,,,,,,,,,,,,
flow_momentum,5,,,2.0,3.0,24,17328,420722,1154,-0.983079222635998,-0.6393358524771731,-0.5113210674031797,-0.10706355456587191,0.9833865184161673,0.0,0.4558058925476603,0.5856853873441448,-0.42246539368794356,-0.42246539368794356,1.4536391180617458,-7.006078789420969,10.910745233968804,107.39291975939803,-8.055770000000011e-06,1.0739291975939802,0.02992712527512229,1.6920777364001998,602,552,-65.83531029652278,-32.47261196707708,0.5199306759098787,0.29809358752166376,0.18197573656845753,0.0,,,,,,,20.0,0.56,,,,,,,,,,,,
bb_reversion,15,,,1.8,1.6,24,10163,140243,2414,-0.8007337905801004,-0.331877777120248,-0.19526229687845068,-0.08187348585542717,0.8463963155743502,0.0,0.5215410107705054,0.8635455153343438,-0.08045183020258072,-0.08045183020258072,0.9739610552030403,-1.7203054414091583,6.21830985915493,160.77585962812907,-4.3216920000000004e-05,1.6077585962812906,0.10703564527284784,19.926620941989956,1082,1332,-130.2733707035447,50.19999164553458,0.5244407622203812,0.4217067108533554,0.053852526926263466,0.0,48.0,,,,2.2,,,,,,,,,,,,,,,
squeeze_expansion,15,,,2.0,3.0,36,5397,140243,1661,-0.9293988963345742,-0.4845354907664622,-0.28483648953658736,-0.12921222451793177,0.9311797792623321,0.0,0.4954846478025286,0.7950256155563094,-0.19821259695104654,-0.19821259695104654,1.4526767755813141,-3.2092569224429606,11.550872968091511,120.71317679904475,-1.8719279999999997e-05,1.2071317679904474,0.13680540205215233,7.06011036654258,857,804,-48.85581455376984,-44.08407507968793,0.5797712221553282,0.36785069235400364,0.052378085490668275,0.0,,,,,,48.0,,,,,,,,,,,,,,
flow_momentum,15,,,2.0,3.0,24,1072,140243,182,-0.2631420373746787,-0.07349989587008487,-0.0873684701520492,-0.01277259723613752,0.2901021735296203,0.0,0.5164835164835165,0.7177154292107375,-0.1732171625553172,-0.1732171625553172,1.4539962842046932,-2.1794146584317207,11.153846153846153,37.056027423568906,-1.5488210000000006e-05,0.37056027423568905,0.0144748757513744,73.68579626253214,85,97,-21.56834740989277,-4.745856327575063,0.532967032967033,0.2967032967032967,0.17032967032967034,0.0,,,,,,,20.0,0.56,,,,,,,,,,,,
bb_reversion,30,,,1.8,1.6,24,5707,70124,1344,-0.5009984081131713,-0.15952784407997733,-0.10782103332532467,-0.051452647042923516,0.6301792527205339,0.0,0.5089285714285714,0.8907776871982623,-0.05803246874655449,-0.05803246874655449,0.9741020782717758,-1.410138106455673,7.076636904761905,91.67093747055104,-0.00011374902000000016,0.9167093747055104,0.13563116764588443,49.90015918868287,588,756,-111.70004823405291,61.6002074227357,0.5364583333333334,0.39880952380952384,0.06473214285714286,0.0,48.0,,,,2.2,,,,,,,,,,,,,,,
squeeze_expansion,30,,,2.0,3.0,36,2498,70124,878,-0.7100143295211824,-0.2661787207427676,-0.1863183114165309,-0.08602254631279704,0.7231957693629527,0.0,0.4863325740318907,0.7875641736476435,-0.15600669583380866,-0.15600669583380866,1.46438646644557,-2.1667805359287704,11.73006833712984,67.46788423588126,6.630274000000004e-05,0.6746788423588126,0.1468684045405282,28.998567047881764,460,418,-45.38771196807755,-25.613720984040647,0.5592255125284739,0.37813211845102507,0.06264236902050115,0.0,,,,,,48.0,,,,,,,,,,,,,,
flow_momentum,30,,,2.0,3.0,24,148,70124,32,0.007747202317757829,0.0019312542098020025,0.008611432428860272,0.0007616469070751278,0.042694293260124194,0.04523448129321218,0.5625,1.0484289840389476,0.012530831266370834,0.012530831266370834,1.4506230853042479,-1.6426816889611324,11.53125,4.429416696201338,7.387000000000001e-07,0.04429416696201338,0.005262107124522275,100.77472023177579,15,17,-1.2046182737324114,1.979338505508122,0.53125,0.34375,0.125,0.0,,,,,,,20.0,0.56,,,,,,,,,,,,
combo_trend_pullback,3,21.0,55.0,1.8,3.0,36,51394,701203,1453,-0.9908959391436468,-0.6911075217904951,-0.46874990376922804,-0.09199355275990213,0.9909007532144604,0.0,0.47625602202339984,0.52299206664936,-0.3676092601066956,-0.3676092601066956,1.5728575609019184,-2.842226695346002,14.478320715760496,97.77929128225706,-1.2489710000000004e-05,0.9777929128225706,0.03000129776969009,0.9104060856353134,683,770,-65.31129222355219,-33.7783016908126,0.5891259463179629,0.3035099793530626,0.10736407432897453,0.0,,,,20.0,,,,,,,,,,,,,,,,
combo_trend_pullback,3,13.0,34.0,1.5,2.5,24,31955,701203,1150,-0.9909124084272194,-0.6912473139975528,-0.5431603145256962,-0.07941183649654858,0.9909938853907663,0.0,0.45130434782608697,0.421517227465953,-0.4686916152338554,-0.4686916152338554,1.651077744397799,-3.0820566056287944,10.000869565217391,81.13614713945508,-9.166390000000012e-06,0.8113614713945507,0.016401812313980402,0.9087591572780589,488,662,-64.57955338775712,-34.511687454964765,0.5939130434782609,0.2808695652173913,0.12521739130434784,0.0,,,,24.0,,,,,,,,,,,,,,,,
combo_vwap_trend_aware,3,,,1.8,2.2,30,163299,701203,1484,-0.9910697559325702,-0.6925925622210247,-0.5305761424071751,-0.08575050812876381,0.9911003464139967,0.0,0.5175202156334232,0.5213730801777534,-0.35098919612443436,-0.35098919612443436,1.1480072789844804,-2.7605207551374713,8.680592991913747,120.14124030503186,-3.891221e-05,1.2014124030503186,0.018371284777731985,0.8930244067429801,626,858,-63.7822107495491,-35.32476484370797,0.5855795148247979,0.3665768194070081,0.04784366576819407,0.0,,1.8,,,,,,,28.0,,,,,,,,,,,
combo_breakout_confirmed,3,,,1.8,3.5,48,24517,701203,1575,-0.983684728370295,-0.6426059625037368,-0.376676977222752,-0.06586925097295968,0.9840295154181461,0.0,0.5193650793650794,0.7182676583277229,-0.2931120961686721,-0.2931120961686721,1.8689442203452424,-4.307889151203731,9.60952380952381,149.2432647144919,8.781730000000003e-06,1.492432647144919,0.021584334351108025,1.6315271629705017,789,786,-97.09174708308964,-1.2767257539400272,0.6831746031746032,0.2838095238095238,0.03301587301587302,0.0,48.0,,,18.0,,,,,,1.0,,,,,,,,,,
combo_vol_flow,3,,,1.8,3.0,30,18130,701203,1009,-0.9894281690840644,-0.6793463828434678,-0.5543287606122549,-0.07772716214829609,0.9894281690840644,0.0,0.47770069375619423,0.5283173768546024,-0.5255145552764654,-0.5255145552764654,1.5717123984600392,-4.2090582792913205,9.09217046580773,130.8595612272319,4.930890000000002e-05,1.308595612272319,0.01308322982075091,1.0571830915935614,553,456,-79.84526053592997,-19.097556372476426,0.6491575817641229,0.30822596630327054,0.04261645193260654,0.0,,,,,,,20.0,,,,0.2,0.53,,,,,,,,
combo_funding_reversion,3,,,1.8,2.2,30,19092,701203,1147,-0.9292249519706702,-0.48421438802239103,-0.29523837605883846,-0.039040503692055153,0.9304292780896197,0.0,0.5544899738448126,0.6208328747466907,-0.2456510900775547,-0.2456510900775547,1.1926882012399722,-2.32277290461323,8.090671316477769,145.30036731151034,-0.00026971011999999995,1.4530036731151035,0.013234398597838287,7.077504802932974,112,1035,-5.340062315384522,-87.58243288168248,0.5457715780296426,0.3993025283347864,0.05492589363557106,0.0,,,,,,,,,,,,,0.0002,1.5,,,,,,
combo_vote,3,,,1.8,3.0,36,82869,701203,1466,-0.9909974113791056,-0.6919718604302987,-0.3971327228103787,-0.08618174022343036,0.9910774603747327,0.0,0.5,0.49778997895451077,-0.4042070097124302,-0.4042070097124302,1.650687480492381,-2.617006772451201,12.516371077762619,115.37061649207055,8.60366999999999e-06,1.1537061649207054,0.02616788576204038,0.9002588620894449,736,730,-83.17493378303156,-15.924807354879047,0.6377899045020464,0.2878581173260573,0.07435197817189632,0.0,,,,,,,,,,,,,,,4.0,,,,,
combo_vote,3,,,1.8,3.0,36,71115,701203,1359,-0.991068078143893,-0.6925781244897686,-0.37961243132545547,-0.06834065343199625,0.9912607896099082,0.0,0.5158204562178073,0.5347544692489881,-0.4036160111631724,-0.4036160111631724,1.6313668697117307,-2.617006772451201,11.97645327446652,127.68479225403263,-4.372689000000002e-05,1.2768479225403262,0.023211537885605166,0.8931921856106999,595,764,-70.3850114918689,-28.72179632252034,0.6122148638704931,0.3208241353936718,0.06696100073583518,0.0,,,,,,,,,,,,,,,5.0,,,,,
combo_session_window,3,,,1.6,2.5,18,9087,701203,926,-0.9778037991473731,-0.6140167287948353,-0.5628417507553445,-0.06559893408160915,0.9780924969470715,0.0,0.4514038876889849,0.4904702633350393,-0.5979347237579643,-0.5979347237579643,1.4970317338357377,-8.52532082512365,5.947084233261339,100.12439960973157,0.0,1.0012439960973156,0.007853645805850802,2.2196200852626884,498,428,-90.38922818830987,-7.3911517264274105,0.642548596112311,0.2786177105831533,0.07883369330453564,0.0,,,,,,,,,,,,,,,,"(13, 14)",24.0,,,
combo_trend_pullback,5,21.0,55.0,1.8,3.0,36,32388,420722,1235,-0.9835971122350584,-0.6421278049581545,-0.4458190994318533,-0.10908512261179594,0.9837102455669052,0.0,0.46234817813765183,0.6032963413588244,-0.3674882022333675,-0.3674882022333675,1.5924310994893363,-2.567558065075952,16.021052631578947,89.45003705121452,-3.190570000000002e-06,0.8945003705121453,0.04702867927039708,1.6402887764941643,596,639,-70.97884144451449,-27.38086977899147,0.5611336032388664,0.28421052631578947,0.15465587044534412,0.0,,,,20.0,,,,,,,,,,,,,,,,
combo_trend_pullback,5,13.0,34.0,1.5,2.5,24,20135,420722,1152,-0.9835186391868147,-0.6417005446279864,-0.45574054920248686,-0.08923337809422854,0.9835201951522228,0.0,0.4730902777777778,0.5684752553634148,-0.39028986433794094,-0.39028986433794094,1.5955773785069023,-2.93780090672138,10.919270833333334,96.2376814585001,-7.559571999999995e-05,0.962376814585001,0.02989860287790988,1.6481360813185328,488,664,-54.98831383822114,-43.36355008046043,0.5564236111111112,0.2803819444444444,0.16319444444444445,0.0,,,,24.0,,,,,,,,,,,,,,,,
combo_vwap_trend_aware,5,,,1.8,2.2,30,56595,420722,1513,-0.9835973838482805,-0.6421292864638357,-0.46515380952272684,-0.09940836194284404,0.9836922854247382,0.0,0.4990085922009253,0.6652870971837632,-0.32609667856027613,-0.32609667856027613,1.16671026982904,-5.108326726807176,9.001982815598149,135.72628754618117,-0.0002138226100000001,1.3572628754618117,0.03237292083608654,1.6402616151719438,543,970,-75.91975383189475,-22.43998455293341,0.5829477858559154,0.34500991407799075,0.07204230006609386,0.0,,1.8,,,,,,,28.0,,,,,,,,,,,
combo_breakout_confirmed,5,,,1.8,3.5,48,14440,420722,1704,-0.9738850164046701,-0.5980050863256736,-0.32828311578286257,-0.07824188962402015,0.9742299027137582,0.0,0.5052816901408451,0.7599106585514903,-0.2589557799283323,-0.2589557799283323,1.8927379367352763,-4.745475947382488,10.082159624413146,139.74723015227477,-4.123029000000001e-05,1.3974723015227477,0.040834565342435146,2.611498359532998,891,813,-87.65978719464503,-9.728714445822101,0.6654929577464789,0.2963615023474178,0.03814553990610329,0.0,48.0,,,18.0,,,,,,1.0,,,,,,,,,,
combo_vol_flow,5,,,1.8,3.0,30,8232,420722,941,-0.9809478149836541,-0.6284783270988109,-0.5342160028847616,-0.09485944513138361,0.9809478149836541,0.0,0.45908607863974493,0.5394463681776467,-0.5661085037685725,-0.5661085037685725,1.559115294977062,-5.580099628475761,8.824654622741765,112.18531180468733,-2.5003390000000015e-05,1.1218531180468734,0.019737498870988444,1.9052185016345886,498,443,-90.31619478997872,-7.778586708386688,0.6726886291179596,0.2784272051009564,0.048884165781083955,0.0,,,,,,,20.0,,,,0.2,0.53,,,,,,,,
combo_funding_reversion,5,,,1.8,2.2,30,11245,420722,1417,-0.8396973657116702,-0.36724698960474167,-0.1864761167451895,-0.03589553450800411,0.8461125420013833,0.0,0.5490472829922372,0.7693380582322075,-0.14409051680543888,-0.14409051680543888,1.198877264151169,-1.9646249881026432,8.803810868031052,141.39265963742798,-0.0004601418699999998,1.4139265963742798,0.02965140876873565,16.03026342883298,77,1340,-8.086416200523383,-75.88332037064355,0.5426958362738179,0.41213832039520115,0.04516584333098095,0.0,,,,,,,,,,,,,0.0002,1.5,,,,,,
combo_vote,5,,,1.8,3.0,36,48636,420722,1719,-0.9908464265763582,-0.6906890854228711,-0.4474359530102129,-0.1262816284479384,0.9910546094978804,0.0,0.4851657940663176,0.6258555217592605,-0.3122899315765056,-0.3122899315765056,1.6470710293498232,-2.67056225070593,13.96218731820826,111.63193091423076,2.76568000000001e-06,1.1163193091423076,0.05704717129125646,0.9153573423641747,850,869,-90.34248425909163,-8.742158398544126,0.6148923792902851,0.28679464805119254,0.0983129726585224,0.0,,,,,,,,,,,,,,,4.0,,,,,
combo_vote,5,,,1.8,3.0,36,41545,420722,1836,-0.9908801080584464,-0.6909740152909322,-0.419674602219979,-0.11516920858917694,0.9910067047116075,0.0,0.5081699346405228,0.6173831549125312,-0.2931139656613746,-0.2931139656613746,1.6364884898409582,-2.7960514315452016,12.973856209150327,110.47652456937651,-7.649411000000002e-05,1.104765245693765,0.056616958466635926,0.9119891941553586,777,1059,-72.08698482078917,-27.001025985055485,0.6105664488017429,0.30501089324618735,0.08442265795206971,0.0,,,,,,,,,,,,,,,5.0,,,,,
combo_session_window,5,,,1.6,2.5,18,5579,420722,1266,-0.9633369494852548,-0.5624220360708416,-0.43609495485261546,-0.07767462875675837,0.9635461193448264,0.0,0.48420221169036337,0.6125086479865532,-0.3440007339462043,-0.3440007339462043,1.5152112797468875,-5.427392371632002,6.157187993680885,101.65930142320168,5.152904e-05,1.0165930142320168,0.018527673855895342,3.6663050514745184,672,594,-91.34074283582399,-4.992952112701219,0.6129541864139021,0.30252764612954186,0.08451816745655608,0.0,,,,,,,,,,,,,,,,"(13, 14)",24.0,,,
combo_trend_pullback,15,21.0,55.0,1.8,3.0,36,11699,140243,1533,-0.9311021137045298,-0.48767289529266733,-0.2765498636208423,-0.1262036793439915,0.934068898690698,0.0,0.48336594911937375,0.7516961758283018,-0.20249866030788954,-0.20249866030788954,1.6137351624505911,-3.309071770379008,15.076973255055448,92.0403189937433,1.7223849999999996e-05,0.920403189937433,0.16480679962636283,6.889788629547023,782,751,-54.41002877618609,-38.70018259426685,0.5668623613829094,0.31833007175472927,0.11480756686236138,0.0,,,,20.0,,,,,,,,,,,,,,,,
combo_trend_pullback,15,13.0,34.0,1.5,2.5,24,7587,140243,1447,-0.9321043303057825,-0.4895463017278252,-0.2912481548821161,-0.1102926185824877,0.9378155968450798,0.0,0.49274360746371804,0.7466507042538884,-0.21654773847213202,-0.21654773847213202,1.6033821616073745,-3.637652824454913,10.415342087076711,105.61895766833432,-3.430907000000005e-05,1.0561895766833431,0.10746347411278995,6.789566969421742,642,805,-70.48648208533555,-22.723950945242827,0.5694540428472702,0.299239806496199,0.13130615065653076,0.0,,,,24.0,,,,,,,,,,,,,,,,
combo_vwap_trend_aware,15,,,1.8,2.2,30,6951,140243,1297,-0.7763877498078702,-0.31234345806459396,-0.201035580974403,-0.06733186407970775,0.7842820841297337,0.0,0.5196607555898227,0.7974864192824753,-0.12227386883346054,-0.12227386883346054,1.1702313886221645,-1.8506819558954548,9.467232074016962,104.60910499947855,-0.00014127342999999994,1.0460910499947855,0.08755517209415087,22.361225019212977,545,752,-103.50025954009871,25.861484559311894,0.5944487278334618,0.31765612952968386,0.08789514263685427,0.0,,1.8,,,,,,,28.0,,,,,,,,,,,
combo_breakout_confirmed,15,,,1.8,3.5,48,4880,140243,1552,-0.6870197742210891,-0.2520416301434898,-0.10306301335824856,-0.04553524030036722,0.7334572868059742,0.0,0.5096649484536082,0.868880744936596,-0.09042680513992278,-0.09042680513992278,1.8961522052903979,-2.2497009313820606,14.074742268041238,101.37881697246127,6.838836000000017e-05,1.0137881697246127,0.1557582196615874,31.298022577891086,789,763,-5.563150438630822,-63.1388269834781,0.5786082474226805,0.3389175257731959,0.08247422680412371,0.0,48.0,,,18.0,,,,,,1.0,,,,,,,,,,
combo_vol_flow,15,,,1.8,3.0,30,1147,140243,367,-0.544420530037405,-0.17843899208108593,-0.14683221434441596,-0.029326249190756284,0.6278791690541563,0.0,0.5286103542234333,0.7478826002970509,-0.22234662247883535,-0.22234662247883535,1.6140853062014606,-3.4699108743172093,10.419618528610354,89.5306789870643,-4.565485000000001e-05,0.895306789870643,0.027266958065643204,45.557946996259496,181,186,-31.10659097575163,-23.33546202798869,0.5749318801089919,0.3569482288828338,0.0681198910081744,0.0,,,,,,,20.0,,,,0.2,0.53,,,,,,,,
combo_funding_reversion,15,,,1.8,2.2,30,4220,140243,552,-0.1591509401645106,-0.042410793292503635,-0.022921091096101128,-0.005120699387927158,0.1835841618919707,0.0,0.5615942028985508,0.9289514986876112,-0.028433020931320416,-0.028433020931320416,1.1986879548769105,-1.489086084294812,10.06340579710145,47.72130119415718,-0.0002926473999999998,0.4772130119415718,0.03960982009797281,84.08490598354894,22,530,-1.6454168159837428,-14.269677200467338,0.5398550724637681,0.38405797101449274,0.07608695652173914,0.0,,,,,,,,,,,,,0.0002,1.5,,,,,,
combo_vote,15,,,1.8,3.0,36,15262,140243,1708,-0.9577651801499987,-0.5466717726411987,-0.30733564773049354,-0.144867863462409,0.9581324449150874,0.0,0.49414519906323184,0.7252087449647129,-0.21091768370671987,-0.21091768370671987,1.6298852915074749,-3.747590535960155,13.413934426229508,90.91198114145469,-7.393275999999991e-05,0.9091198114145469,0.1633664425318911,4.223481985000128,857,851,-74.473519546777,-21.30299846822293,0.5831381733021077,0.32084309133489464,0.09601873536299765,0.0,,,,,,,,,,,,,,,4.0,,,,,
combo_vote,15,,,1.8,3.0,36,12579,140243,2047,-0.9583551171677406,-0.5482631804106021,-0.2625439380690004,-0.129295452269843,0.9603496399249076,0.0,0.5202735710796287,0.7942030494955283,-0.18105425182979626,-0.18105425182979626,1.6223150552073455,-3.747590535960155,12.949193942354665,122.26748898922112,-0.00015374636000000072,1.2226748898922113,0.18900765100575428,4.164488283225947,852,1195,-46.0884382493305,-49.7470734674434,0.5710796287249633,0.3424523693209575,0.08646800195407914,0.0,,,,,,,,,,,,,,,5.0,,,,,
combo_session_window,15,,,1.6,2.5,18,1991,140243,716,-0.6559129445524767,-0.23411170563158656,-0.18409492741632963,-0.040239875295243296,0.6815899430938579,0.0,0.49162011173184356,0.7658056886511739,-0.16536859929689424,-0.16536859929689424,1.5086086684516975,-2.1681425829347343,6.032122905027933,77.81071644075524,-2.6103060000000015e-05,0.7781071644075525,0.030796545995165535,34.40870554475232,378,338,-46.77457837297135,-18.8167160822764,0.5670391061452514,0.34497206703910616,0.08798882681564246,0.0,,,,,,,,,,,,,,,,"(13, 14)",24.0,,,
combo_trend_pullback,30,21.0,55.0,1.8,3.0,36,5825,70124,1090,-0.7299735569566647,-0.27914565618069154,-0.1637631890116816,-0.08860510332259068,0.7480333587712369,0.0,0.47522935779816516,0.7957538087175514,-0.14164994663323185,-0.14164994663323185,1.6210582109699785,-1.9747584358393613,15.138532110091743,61.17645880885794,9.625852999999987e-05,0.6117645880885794,0.23531173350065598,27.002644304333533,559,531,-41.59049086721189,-31.406864828454612,0.5422018348623853,0.3284403669724771,0.12935779816513762,0.0,,,,20.0,,,,,,,,,,,,,,,,
combo_trend_pullback,30,13.0,34.0,1.5,2.5,24,3843,70124,879,-0.7229861275643974,-0.2745267482047117,-0.182222279969644,-0.07462216114474257,0.7237194516961493,0.0,0.48464163822525597,0.7486141939068994,-0.1555370175234324,-0.1555370175234324,1.6263386049786561,-2.036476823007269,10.637087599544937,57.81614747193143,3.327135999999994e-05,0.5781614747193143,0.13333523472705494,27.701387243560266,396,483,-37.59503188832861,-34.70358086811109,0.5483503981797497,0.3117178612059158,0.13993174061433447,0.0,,,,24.0,,,,,,,,,,,,,,,,
combo_vwap_trend_aware,30,,,1.8,2.2,30,3215,70124,703,-0.14521335076815634,-0.03846754722442469,-0.020764638592169992,-0.007575518320250229,0.2701434059114536,0.0,0.5263157894736842,0.9477209386927096,-0.023232828668672798,-0.023232828668672798,1.1842801883424519,-1.577442707222757,10.22475106685633,57.48083620508317,-7.097387000000007e-05,0.5748083620508317,0.10250413553134448,85.47866492318437,298,405,-32.282711845744444,17.761376768928773,0.5419630156472262,0.35135135135135137,0.10668563300142248,0.0,,1.8,,,,,,,28.0,,,,,,,,,,,
combo_breakout_confirmed,30,,,1.8,3.5,48,2382,70124,824,0.0746998006260251,0.01817402911173205,0.025013877593921034,0.012016892191893273,0.30977533928932266,0.05866841806525453,0.529126213592233,1.0149676303566755,0.008941341918893089,0.008941341918893089,1.9105418843258752,-2.1075351739160193,15.942961165048544,71.51723649554522,0.00015624043000000032,0.7151723649554522,0.18733956990474018,107.46998006260252,439,385,70.51793448731516,-63.04795442471272,0.5436893203883495,0.3725728155339806,0.08373786407766991,0.0,48.0,,,18.0,,,,,,1.0,,,,,,,,,,
combo_vol_flow,30,,,1.8,3.0,30,241,70124,87,-0.003038627319481124,-0.0007605456671313515,0.0032343376931800957,0.0004611000117101208,0.1268547806557616,0.0,0.5517241379310345,0.9940793297017939,-0.00643448303819304,-0.00643448303819304,1.6270960738284108,-2.6436865454470118,10.908045977011493,16.426729392071394,-1.142535e-05,0.16426729392071393,0.013533169813473276,99.69613726805188,48,39,3.1226915988232795,-3.426554330771465,0.5287356321839081,0.39080459770114945,0.08045977011494253,0.0,,,,,,,20.0,,,,0.2,0.53,,,,,,,,
combo_funding_reversion,30,,,1.8,2.2,30,2679,70124,299,-0.19286188752862943,-0.05215723316238274,-0.046846038524714445,-0.011057580579427956,0.26086277774437416,0.0,0.5250836120401338,0.8611822659702799,-0.08116094789144147,-0.08116094789144147,1.2022958285032146,-1.3663888266321507,9.97324414715719,18.77317504871724,-0.0003354774199999999,0.1877317504871724,0.04252467058353773,80.71381124713706,17,282,1.952144454385074,-21.238333207248004,0.5016722408026756,0.43478260869565216,0.06354515050167224,0.0,,,,,,,,,,,,,0.0002,1.5,,,,,,
combo_vote,30,,,1.8,3.0,36,7132,70124,1892,-0.8315030793015883,-0.3593180662765477,-0.16771112302717073,-0.11718009817109298,0.8647898923387731,0.0,0.48890063424947144,0.8767661337957192,-0.12015135585428739,-0.12015135585428739,1.627096073828411,-2.407533928809745,13.654334038054968,119.96411047642367,6.506169999999989e-05,1.1996411047642368,0.3684045405282072,16.849692069841165,970,922,-62.89887209965378,-20.25143583050507,0.5702959830866807,0.33033826638477803,0.09936575052854123,0.0,,,,,,,,,,,,,,,4.0,,,,,
combo_vote,30,,,1.8,3.0,36,5945,70124,2220,-0.6880902945565046,-0.25268514606866277,-0.0877993407959326,-0.06600193638532155,0.7954043779448529,0.0,0.5324324324324324,0.9226348096102691,-0.061612355404290615,-0.061612355404290615,1.632781936985602,-2.4075339288097446,13.727027027027027,158.3479203672536,-0.00012779219,1.583479203672536,0.43457304203981517,31.190970544349533,911,1309,-42.55923716522869,-26.24979229042116,0.5666666666666667,0.3279279279279279,0.10540540540540541,0.0,,,,,,,,,,,,,,,5.0,,,,,
combo_session_window,30,,,1.6,2.5,18,1001,70124,408,-0.30164823286631237,-0.08585003418857773,-0.07802969322971315,-0.018393164248311153,0.43593077592767737,0.0,0.4950980392156863,0.8576574945290455,-0.1004893881133539,-0.1004893881133539,1.5230780047864527,-1.8478345614281477,6.502450980392157,44.07789705026624,-1.2955230000000011e-05,0.44077897050266235,0.03783298157549484,69.83517671336877,229,179,-12.583863201623025,-17.580960085008304,0.5318627450980392,0.35784313725490197,0.11029411764705882,0.0,,,,,,,,,,,,,,,,"(13, 14)",24.0,,,
combo_trend_pullback,5,21.0,55.0,1.8,4.0,48,32388,420722,1256,-0.9835700794579217,-0.6419804474889772,-0.4201844064757267,-0.1030457344520229,0.983849412173026,0.0,0.3837579617834395,0.5860702152554241,-0.3640129376502256,-0.3640129376502256,2.1440706328410646,-3.7100898892492595,17.11544585987261,89.02524701586178,1.583820000000001e-05,0.8902524701586177,0.051095497739600024,1.6429920542078205,610,646,-82.34839172228334,-16.008616223509033,0.7587579617834395,0.15843949044585987,0.08280254777070063,0.0,,,,20.0,,,,,,,,,,,,,,1.0,,
combo_trend_pullback,5,21.0,55.0,1.8,5.0,72,32388,420722,1230,-0.9837860660323191,-0.6431629233565559,-0.33237313707803257,-0.09052926498460119,0.9840842173532829,0.0,0.4796747967479675,0.6697027368856259,-0.37182795766119664,-0.37182795766119664,2.70276454393377,-3.8366395056011307,24.582926829268292,92.01923694752199,4.1371900000000043e-05,0.9201923694752199,0.07186931037597273,1.6213933967680938,618,612,-63.338997499767736,-35.03960910346405,0.6869918699186992,0.216260162601626,0.09674796747967479,0.0,,,,20.0,,,,,,,,,,,,,,,1.5,1.5
combo_breakout_confirmed,5,,,2.0,0.0,72,14440,420722,1637,-0.9681902251241071,-0.5776831890949576,-0.23939273887399978,-0.06571887487519051,0.9719814441267326,0.0,0.4660965180207697,0.7132698267723055,-0.2566521173592304,-0.2566521173592304,12.348742641660289,-9.301981147975797,17.422113622480147,122.71223633710046,-9.171089999999997e-05,1.2271223633710047,0.06778823070816359,3.18097748758929,847,790,-131.25967412478013,34.44065161236941,0.9273060476481368,0.0,0.07269395235186317,0.0,48.0,,,18.0,,,,,,,,,,,,,,,1.2,2.0
combo_vol_flow,5,,,1.8,4.0,48,8232,420722,943,-0.9826417768206553,-0.6370270802126643,-0.5271797040036618,-0.0995243184828815,0.9826417768206553,0.0,0.3860021208907741,0.525997353904283,-0.574801337311847,-0.574801337311847,2.1089425584254813,-5.580099628475761,10.04559915164369,112.46409132341017,-8.060940000000006e-06,1.1246409132341018,0.02251605573276415,1.7358223179344636,500,443,-112.98277413838305,14.718596456317457,0.8695652173913043,0.11876988335100742,0.01166489925768823,0.0,,,,,,,,,,,0.2,,,,,,,1.2,2.0,1.8
combo_vote,5,,,2.0,0.0,72,41545,420722,1542,-0.9835279617778185,-0.6417512231483988,-0.13524124537826565,-0.039793012216787764,0.9871594641368535,0.0,0.5188067444876784,0.7238457231644133,-0.27799658718982984,-0.27799658718982984,22.67557470854021,-27.29876827673752,30.094682230869,109.78493126708216,-0.00015337252000000004,1.0978493126708215,0.11030086375326224,1.6472038222181424,684,858,-47.07353162807961,-51.27926454970216,0.8009079118028535,0.0,0.19909208819714655,0.0,,,,,,,,,,,,,,,5.0,,,,1.5,2.0
ema_trend,5,20.0,50.0,2.0,0.0,72,132264,420722,1406,-0.9836380427425562,-0.6423512669353233,-0.22646361899096332,-0.08078640823292994,0.9877782041357273,0.0,0.30014224751066854,0.7940037022753516,-0.29485984391577036,-0.29485984391577036,31.408220269057228,-18.1113723492034,33.57041251778094,129.60363338175222,0.0008730893099999962,1.2960363338175223,0.11218809570215012,1.6361957257443835,1287,119,-77.16152104241719,-21.20228323183845,0.7574679943100996,0.0,0.24253200568990044,0.0,,,,,,,,,,,,,,,,,,,1.5,2.0
donchian_breakout,5,,,2.0,0.0,72,24482,420722,1372,-0.9634745524538093,-0.5628331941944891,-0.297986995209888,-0.0834505911491101,0.9653783204114186,0.0,0.45408163265306123,0.6659881870481165,-0.26786682441821275,-0.26786682441821275,9.89809310174239,-5.853952506079509,18.459183673469386,98.65022599837295,-2.697985e-05,0.9865022599837294,0.06019651931679351,3.6525447546190746,792,580,-140.07275737667513,43.725302131294264,0.9336734693877551,0.0,0.0663265306122449,0.0,60.0,,,,,,,,,,,,,,,,,,1.5,2.0
combo_trend_pullback,15,21.0,55.0,1.8,4.0,48,11699,140243,1508,-0.9277139354359227,-0.48148708531824647,-0.2594594252152605,-0.11906598858517305,0.9322755555635206,0.0,0.40649867374005305,0.7433980192570538,-0.1957293671660284,-0.1957293671660284,2.163460437972963,-2.771771419034882,16.227453580901855,92.20188516858573,1.9067030000000008e-05,0.9220188516858573,0.17448999237038568,7.228606456407729,773,735,-70.98018773499082,-21.79120580860127,0.736737400530504,0.20291777188328913,0.0603448275862069,0.0,,,,20.0,,,,,,,,,,,,,,1.0,,
combo_trend_pullback,15,21.0,55.0,1.8,5.0,72,11699,140243,1462,-0.9233674015228691,-0.47386231330766226,-0.1936396519983629,-0.09336471467754104,0.9281344416440493,0.0,0.4829001367989056,0.7834538163325406,-0.20500598229039557,-0.20500598229039557,2.718627160195184,-4.419849437045591,22.024623803009575,83.67278121919702,3.759170000000003e-05,0.8367278121919702,0.22960147743559392,7.663259847713092,745,717,-48.94799482709237,-43.38874532519442,0.7004103967168263,0.24350205198358413,0.0560875512995896,0.0,,,,20.0,,,,,,,,,,,,,,,1.5,1.5
combo_breakout_confirmed,15,,,2.0,0.0,72,4880,140243,1402,-0.4873317046757737,-0.15382910991000787,-0.02717890839105599,-0.01293223386179317,0.5860849315508845,0.0,0.4950071326676177,0.9101541880156712,-0.0495001568908828,-0.0495001568908828,11.94860017265566,-11.565770560942275,24.31312410841655,113.44246392980732,0.00013930467000000045,1.1344246392980732,0.243056694451773,51.266829532422626,699,703,-83.11446419414973,34.38129372657274,0.8808844507845934,0.0,0.11911554921540657,0.0,48.0,,,18.0,,,,,,,,,,,,,,,1.2,2.0
combo_vol_flow,15,,,1.8,4.0,48,1147,140243,354,-0.5654075067655746,-0.18806873537381874,-0.15832327960460982,-0.03265394469212569,0.5943124320365305,0.0,0.4406779661016949,0.6840403585080781,-0.2541681016759074,-0.2541681016759074,2.1692520284236774,-3.4699108743172085,11.833333333333334,80.20336809940336,-4.136021000000003e-05,0.8020336809940336,0.029869583508624318,43.45924932344254,174,180,-58.138003382342305,1.5972527057850439,0.7994350282485876,0.17796610169491525,0.022598870056497175,0.0,,,,,,,,,,,0.2,,,,,,,1.2,2.0,1.8
combo_vote,15,,,2.0,0.0,72,12579,140243,3059,-0.8511145328327525,-0.37883049295039695,-0.005497561045052751,-0.0040682983368747925,0.9638597803828772,0.0,0.5439686171951618,0.9646610448814099,-0.0559345510748047,-0.0559345510748047,32.49182077152447,-19.032961112297812,32.50898986596927,387.2654079865837,-0.0001968433600000004,3.872654079865837,0.709090649800703,14.888546716724745,1305,1754,109.1198898383557,-194.2313431216305,0.7724746649231775,0.0,0.2275253350768225,0.0,,,,,,,,,,,,,,,5.0,,,,1.5,2.0
ema_trend,15,20.0,50.0,2.0,0.0,72,42785,140243,1880,-0.9486413458478192,-0.5239541187076067,-0.17747397687496091,-0.1270080179823133,0.963136805143718,0.0,0.3101063829787234,0.8514137503155463,-0.15831006495429023,-0.15831006495429023,21.812248635852622,-14.511160330042365,32.16968085106383,106.45516305594525,0.0011535993700000123,1.0645516305594525,0.4312443401809716,5.135865415218076,1746,134,-56.4012591939255,-38.46287539085574,0.7861702127659574,0.0,0.21382978723404256,0.0,,,,,,,,,,,,,,,,,,,1.5,2.0
donchian_breakout,15,,,2.0,0.0,72,7762,140243,1812,-0.7134920861233163,-0.26838564136580845,-0.08611652573600237,-0.04875397388494944,0.7330163993968546,0.0,0.4928256070640177,0.8683935824371711,-0.07489655956615753,-0.07489655956615753,4.790183679591894,-7.450701562105318,22.22019867549669,107.35149465343,0.0001705663300000001,1.0735149465343,0.2870945430431465,28.65079138766837,987,825,-160.47094451018697,89.12173589785534,0.9288079470198676,0.0,0.0706401766004415,0.0,60.0,,,,,,,,,,,,,,,,,,1.5,2.0
